dataset,image_filename,x_norm,y_norm,class_bethesda,class_annotated,cluster_idx,binary_label,x_pixel,y_pixel,crop_path,crop_valid,slide_id,split
RIVA,HSIL_11_5.png,78.16793893129771,469.00763358778624,NILM,Sin lesion,40020.0,0,78,469,data\processed\riva_crops\HSIL_11_5_cluster_40020.png,True,HSIL_11,train
RIVA,LSIL_35_1.png,622.7379134860051,10.422391857506362,ASCUS,ASCUS,40031.0,1,623,10,data\processed\riva_crops\LSIL_35_1_cluster_40031.png,True,LSIL_35,train
RIVA,HSIL_1_18.png,580.5020689655172,141.2413793103448,NILM,Sin lesion,40067.0,0,581,141,data\processed\riva_crops\HSIL_1_18_cluster_40067.png,True,HSIL_1,train
RIVA,HSIL_1_18.png,532.48,293.7820689655172,NILM,Sin lesion,40069.0,0,532,294,data\processed\riva_crops\HSIL_1_18_cluster_40069.png,True,HSIL_1,train
RIVA,HSIL_1_18.png,656.7724137931034,353.1034482758621,NILM,Sin lesion,40073.0,0,657,353,data\processed\riva_crops\HSIL_1_18_cluster_40073.png,True,HSIL_1,train
RIVA,LSIL_24_1.png,85.98473282442748,818.1577608142494,INFL,INFL,40134.0,0,86,818,data\processed\riva_crops\LSIL_24_1_cluster_40134.png,True,LSIL_24,train
RIVA,LSIL_9_1.png,58.19006419883231,60.77628927433598,LSIL,LSIL,40140.0,1,58,61,data\processed\riva_crops\LSIL_9_1_cluster_40140.png,True,LSIL_9,train
RIVA,LSIL_9_1.png,117.67324093541647,266.3811827768768,ENDO,ENDO,40146.0,0,118,266,data\processed\riva_crops\LSIL_9_1_cluster_40146.png,True,LSIL_9,train
RIVA,LSIL_38_9.png,872.871724137931,694.9075862068966,LSIL,LSIL,40192.0,1,873,695,data\processed\riva_crops\LSIL_38_9_cluster_40192.png,True,LSIL_38,train
RIVA,HSIL_3_3.png,315.1792207792208,381.6727272727273,NILM,Sin lesion,40339.0,0,315,382,data\processed\riva_crops\HSIL_3_3_cluster_40339.png,True,HSIL_3,train
RIVA,LSIL_9_2.png,363.9458047209036,471.4432885886927,ENDO,ENDO,40354.0,0,364,471,data\processed\riva_crops\LSIL_9_2_cluster_40354.png,True,LSIL_9,train
RIVA,LSIL_9_2.png,944.0621340298871,605.4117790383564,NILM,Sin lesion,40392.0,0,944,605,data\processed\riva_crops\LSIL_9_2_cluster_40392.png,True,LSIL_9,train
RIVA,LSIL_9_2.png,707.7752066770526,941.7110203248836,INFL,INFL,40393.0,0,708,942,data\processed\riva_crops\LSIL_9_2_cluster_40393.png,True,LSIL_9,train
RIVA,HSIL_17_8.png,117.25190839694656,198.0254452926208,CA,CA,40407.0,1,117,198,data\processed\riva_crops\HSIL_17_8_cluster_40407.png,True,HSIL_17,train
RIVA,LSIL_16_2.png,377.6831168831168,598.4415584415584,ENDO,ENDO,40436.0,0,378,598,data\processed\riva_crops\LSIL_16_2_cluster_40436.png,True,LSIL_16,train
RIVA,LSIL_16_2.png,751.3766233766233,856.4363636363636,LSIL,LSIL,40450.0,1,751,856,data\processed\riva_crops\LSIL_16_2_cluster_40450.png,True,LSIL_16,train
RIVA,LSIL_38_4.png,574.8524137931034,264.1213793103448,LSIL,LSIL,40457.0,1,575,264,data\processed\riva_crops\LSIL_38_4_cluster_40457.png,True,LSIL_38,train
RIVA,HSIL_4_3.png,817.7875862068965,661.0096551724138,NILM,Sin lesion,40545.0,0,818,661,data\processed\riva_crops\HSIL_4_3_cluster_40545.png,True,HSIL_4,train
RIVA,HSIL_4_3.png,800.8386206896553,877.1089655172414,NILM,Sin lesion,40546.0,0,801,877,data\processed\riva_crops\HSIL_4_3_cluster_40546.png,True,HSIL_4,train
RIVA,LSIL_33_9.png,561.2527964205816,192.4295302013423,NILM,Sin lesion,40554.0,0,561,192,data\processed\riva_crops\LSIL_33_9_cluster_40554.png,True,LSIL_33,train
RIVA,LSIL_33_9.png,128.28635346756153,377.9865771812081,INFL,INFL,40571.0,0,128,378,data\processed\riva_crops\LSIL_33_9_cluster_40571.png,True,LSIL_33,train
RIVA,HSIL_16_5.png,552.8332689475166,672.1145346663554,ASCH,ASCH,40586.0,1,553,672,data\processed\riva_crops\HSIL_16_5_cluster_40586.png,True,HSIL_16,train
RIVA,HSIL_22_12.png,709.1025056947608,415.1981776765376,HSIL,HSIL,40630.0,1,709,415,data\processed\riva_crops\HSIL_22_12_cluster_40630.png,True,HSIL_22,train
RIVA,HSIL_22_12.png,765.0842824601368,555.1526195899772,HSIL,HSIL,40634.0,1,765,555,data\processed\riva_crops\HSIL_22_12_cluster_40634.png,True,HSIL_22,train
RIVA,LSIL_5_3.png,966.6768447837152,906.7480916030536,ASCUS,ASCUS,40704.0,1,967,907,data\processed\riva_crops\LSIL_5_3_cluster_40704.png,True,LSIL_5,train
RIVA,LSIL_35_3.png,599.2875318066159,935.409669211196,INFL,INFL,40771.0,0,599,935,data\processed\riva_crops\LSIL_35_3_cluster_40771.png,True,LSIL_35,train
RIVA,LSIL_50_6.png,823.4372413793103,139.8289655172414,NILM,Sin lesion,40786.0,0,823,140,data\processed\riva_crops\LSIL_50_6_cluster_40786.png,True,LSIL_50,train
RIVA,LSIL_23_5.png,745.6079823269097,19.118153392997684,LSIL,LSIL,40863.0,1,746,19,data\processed\riva_crops\LSIL_23_5_cluster_40863.png,True,LSIL_23,train
RIVA,HSIL_35_4.png,618.132118451025,790.742596810934,NILM,Sin lesion,40882.0,0,618,791,data\processed\riva_crops\HSIL_35_4_cluster_40882.png,True,HSIL_35,train
RIVA,LSIL_49_3.png,406.775172413793,314.96827586206894,NILM,Sin lesion,40920.0,0,407,315,data\processed\riva_crops\LSIL_49_3_cluster_40920.png,True,LSIL_49,train
RIVA,LSIL_49_3.png,422.31172413793104,795.1889655172415,INFL,INFL,40930.0,0,422,795,data\processed\riva_crops\LSIL_49_3_cluster_40930.png,True,LSIL_49,train
RIVA,LSIL_13_3.png,210.44965517241383,601.688275862069,NILM,Sin lesion,40946.0,0,210,602,data\processed\riva_crops\LSIL_13_3_cluster_40946.png,True,LSIL_13,train
RIVA,LSIL_10_5.png,698.3002544529262,190.2086513994912,INFL,INFL,41002.0,0,698,190,data\processed\riva_crops\LSIL_10_5_cluster_41002.png,True,LSIL_10,train
RIVA,LSIL_10_5.png,362.17811704834605,20.844783715012724,INFL,INFL,41019.0,0,362,21,data\processed\riva_crops\LSIL_10_5_cluster_41019.png,True,LSIL_10,train
RIVA,LSIL_10_5.png,852.0305343511451,455.9796437659034,INFL,INFL,41024.0,0,852,456,data\processed\riva_crops\LSIL_10_5_cluster_41024.png,True,LSIL_10,train
RIVA,LSIL_10_5.png,44.29516539440203,766.0458015267176,INFL,INFL,41045.0,0,44,766,data\processed\riva_crops\LSIL_10_5_cluster_41045.png,True,LSIL_10,train
RIVA,LSIL_10_5.png,437.7404580152672,977.0992366412214,INFL,INFL,41051.0,0,438,977,data\processed\riva_crops\LSIL_10_5_cluster_41051.png,True,LSIL_10,train
RIVA,HSIL_LSIL_1_17.png,388.32207792207794,454.8155844155844,NILM,Sin lesion,41110.0,0,388,455,data\processed\riva_crops\HSIL_LSIL_1_17_cluster_41110.png,True,HSIL_LSIL_1,train
RIVA,HSIL_18_11.png,622.7379134860051,213.6590330788804,NILM,Sin lesion,41128.0,0,623,214,data\processed\riva_crops\HSIL_18_11_cluster_41128.png,True,HSIL_18,train
RIVA,HSIL_22_3.png,412.42482758620696,936.430344827586,HSIL,HSIL,41265.0,1,412,936,data\processed\riva_crops\HSIL_22_3_cluster_41265.png,True,HSIL_22,train
RIVA,HSIL_3_5.png,642.3272727272728,839.1480519480521,INFL,INFL,41336.0,0,642,839,data\processed\riva_crops\HSIL_3_5_cluster_41336.png,True,HSIL_3,train
RIVA,ASCUS_3_4.png,184.85194805194803,895.0025974025975,ASCUS,ASCUS,41366.0,1,185,895,data\processed\riva_crops\ASCUS_3_4_cluster_41366.png,True,ASCUS_3,train
RIVA,LSIL_37_8.png,567.181446111869,758.5702592087313,NILM,Sin lesion,41391.0,0,567,759,data\processed\riva_crops\LSIL_37_8_cluster_41391.png,True,LSIL_37,train
RIVA,HSIL_1_13.png,460.44689655172414,758.4662068965517,NILM,Sin lesion,41405.0,0,460,758,data\processed\riva_crops\HSIL_1_13_cluster_41405.png,True,HSIL_1,train
RIVA,LSIL_39_4.png,687.8778625954199,349.1501272264631,INFL,INFL,41418.0,0,688,349,data\processed\riva_crops\LSIL_39_4_cluster_41418.png,True,LSIL_39,train
RIVA,HSIL_35_6.png,984.346241457859,188.93849658314355,INFL,INFL,41462.0,0,984,189,data\processed\riva_crops\HSIL_35_6_cluster_41462.png,True,HSIL_35,train
RIVA,LSIL_23_3.png,121.13430524488888,935.7826255281784,LSIL,LSIL,41510.0,1,121,936,data\processed\riva_crops\LSIL_23_3_cluster_41510.png,True,LSIL_23,train
RIVA,LSIL_23_3.png,965.6856492027335,622.7972665148064,LSIL,LSIL,41512.0,1,966,623,data\processed\riva_crops\LSIL_23_3_cluster_41512.png,True,LSIL_23,train
RIVA,LSIL_10_2.png,786.8905852417303,75.56234096692111,LSIL,LSIL,41603.0,1,787,76,data\processed\riva_crops\LSIL_10_2_cluster_41603.png,True,LSIL_10,train
RIVA,LSIL_10_2.png,515.9083969465648,57.32315521628499,LSIL,LSIL,41615.0,1,516,57,data\processed\riva_crops\LSIL_10_2_cluster_41615.png,True,LSIL_10,train
RIVA,LSIL_5_4.png,31.267175572519083,859.8473282442749,CA,CA,41691.0,1,31,860,data\processed\riva_crops\LSIL_5_4_cluster_41691.png,True,LSIL_5,train
RIVA,LSIL_5_4.png,20.844783715012724,763.4402035623409,CA,CA,41694.0,1,21,763,data\processed\riva_crops\LSIL_5_4_cluster_41694.png,True,LSIL_5,train
RIVA,HSIL_22_11.png,944.6924829157176,76.9749430523918,LSIL,LSIL,41725.0,1,945,77,data\processed\riva_crops\HSIL_22_11_cluster_41725.png,True,HSIL_22,train
RIVA,HSIL_22_11.png,167.9453302961276,163.28018223234625,LSIL,LSIL,41728.0,1,168,163,data\processed\riva_crops\HSIL_22_11_cluster_41728.png,True,HSIL_22,train
RIVA,HSIL_22_11.png,480.5102505694761,25.658314350797266,INFL,INFL,41730.0,0,481,26,data\processed\riva_crops\HSIL_22_11_cluster_41730.png,True,HSIL_22,train
RIVA,LSIL_50_9.png,566.3779310344828,385.5889655172414,NILM,Sin lesion,41752.0,0,566,386,data\processed\riva_crops\LSIL_50_9_cluster_41752.png,True,LSIL_50,train
RIVA,LSIL_33_6.png,667.116173120729,109.63097949886104,INFL,INFL,41764.0,0,667,110,data\processed\riva_crops\LSIL_33_6_cluster_41764.png,True,LSIL_33,train
RIVA,LSIL_33_6.png,286.90660592255125,265.91343963553527,INFL,INFL,41767.0,0,287,266,data\processed\riva_crops\LSIL_33_6_cluster_41767.png,True,LSIL_33,train
RIVA,HSIL_22_8.png,107.2984054669704,200.6013667425968,ASCH,ASCH,41802.0,1,107,201,data\processed\riva_crops\HSIL_22_8_cluster_41802.png,True,HSIL_22,train
RIVA,LSIL_38_3.png,709.0317241379311,432.1986206896552,NILM,Sin lesion,41830.0,0,709,432,data\processed\riva_crops\LSIL_38_3_cluster_41830.png,True,LSIL_38,train
RIVA,HSIL_19_6.png,662.6722454672246,758.3598326359833,INFL,INFL,41849.0,0,663,758,data\processed\riva_crops\HSIL_19_6_cluster_41849.png,True,HSIL_19,train
RIVA,HSIL_19_6.png,179.94979079497907,312.76987447698747,INFL,INFL,41858.0,0,180,313,data\processed\riva_crops\HSIL_19_6_cluster_41858.png,True,HSIL_19,train
RIVA,LSIL_56_5.png,599.7714285714286,430.8779220779221,INFL,INFL,41972.0,0,600,431,data\processed\riva_crops\LSIL_56_5_cluster_41972.png,True,LSIL_56,train
RIVA,LSIL_56_5.png,508.0103896103896,821.8597402597404,INFL,INFL,41979.0,0,508,822,data\processed\riva_crops\LSIL_56_5_cluster_41979.png,True,LSIL_56,train
RIVA,HSIL_1_21.png,293.7820689655172,97.45655172413792,NILM,Sin lesion,41995.0,0,294,97,data\processed\riva_crops\HSIL_1_21_cluster_41995.png,True,HSIL_1,train
RIVA,HSIL_18_10.png,317.882951653944,62.534351145038165,HSIL,HSIL,42002.0,1,318,63,data\processed\riva_crops\HSIL_18_10_cluster_42002.png,True,HSIL_18,train
RIVA,HSIL_18_10.png,867.6641221374045,122.46310432569976,HSIL,HSIL,42003.0,1,868,122,data\processed\riva_crops\HSIL_18_10_cluster_42003.png,True,HSIL_18,train
RIVA,HSIL_35_1.png,424.3650715263881,307.04913025117503,ASCUS,ASCUS,42052.0,1,424,307,data\processed\riva_crops\HSIL_35_1_cluster_42052.png,True,HSIL_35,train
RIVA,HSIL_19_1.png,401.31659693165983,546.9902370990237,NILM,Sin lesion,42087.0,0,401,547,data\processed\riva_crops\HSIL_19_1_cluster_42087.png,True,HSIL_19,train
RIVA,HSIL_16_3.png,101.74324057129996,530.2618302715986,HSIL,HSIL,42118.0,1,102,530,data\processed\riva_crops\HSIL_16_3_cluster_42118.png,True,HSIL_16,train
RIVA,LSIL_50_5.png,531.0675862068965,908.1820689655171,NILM,Sin lesion,42153.0,0,531,908,data\processed\riva_crops\LSIL_50_5_cluster_42153.png,True,LSIL_50,train
RIVA,LSIL_50_5.png,251.40965517241384,803.663448275862,NILM,Sin lesion,42158.0,0,251,804,data\processed\riva_crops\LSIL_50_5_cluster_42158.png,True,LSIL_50,train
RIVA,LSIL_12_5.png,1002.8137931034482,768.353103448276,NILM,Sin lesion,42232.0,0,1003,768,data\processed\riva_crops\LSIL_12_5_cluster_42232.png,True,LSIL_12,train
RIVA,LSIL_12_5.png,877.1089655172414,327.68,INFL,INFL,42233.0,0,877,328,data\processed\riva_crops\LSIL_12_5_cluster_42233.png,True,LSIL_12,train
RIVA,LSIL_12_5.png,375.7020689655173,692.0827586206897,INFL,INFL,42234.0,0,376,692,data\processed\riva_crops\LSIL_12_5_cluster_42234.png,True,LSIL_12,train
RIVA,LSIL_48_1.png,192.83116883116884,490.7220779220779,NILM,Sin lesion,42258.0,0,193,491,data\processed\riva_crops\LSIL_48_1_cluster_42258.png,True,LSIL_48,train
RIVA,HSIL_17_10.png,341.3333333333333,198.0254452926208,CA,CA,42305.0,1,341,198,data\processed\riva_crops\HSIL_17_10_cluster_42305.png,True,HSIL_17,train
RIVA,LSIL_33_4.png,20.61744966442953,520.0178970917226,INFL,INFL,42322.0,0,21,520,data\processed\riva_crops\LSIL_33_4_cluster_42322.png,True,LSIL_33,train
RIVA,HSIL_18_5.png,72.95674300254453,299.6437659033079,HSIL,HSIL,42353.0,1,73,300,data\processed\riva_crops\HSIL_18_5_cluster_42353.png,True,HSIL_18,train
RIVA,HSIL_18_5.png,104.22391857506362,544.5699745547074,NILM,Sin lesion,42360.0,0,104,545,data\processed\riva_crops\HSIL_18_5_cluster_42360.png,True,HSIL_18,train
RIVA,LSIL_13_5.png,255.64689655172413,974.5655172413792,NILM,Sin lesion,42392.0,0,256,975,data\processed\riva_crops\LSIL_13_5_cluster_42392.png,True,LSIL_13,train
RIVA,LSIL_7_1.png,217.51172413793105,122.88,NILM,Sin lesion,42520.0,0,218,123,data\processed\riva_crops\LSIL_7_1_cluster_42520.png,True,LSIL_7,train
RIVA,LSIL_7_1.png,858.4844166947328,342.74380165289267,NILM,Sin lesion,42543.0,0,858,343,data\processed\riva_crops\LSIL_7_1_cluster_42543.png,True,LSIL_7,train
RIVA,LSIL_13_1.png,492.9324137931034,470.3337931034483,NILM,Sin lesion,42634.0,0,493,470,data\processed\riva_crops\LSIL_13_1_cluster_42634.png,True,LSIL_13,train
RIVA,LSIL_13_1.png,426.5489655172414,187.85103448275865,NILM,Sin lesion,42639.0,0,427,188,data\processed\riva_crops\LSIL_13_1_cluster_42639.png,True,LSIL_13,train
RIVA,LSIL_13_1.png,785.3020689655173,353.1034482758621,NILM,Sin lesion,42644.0,0,785,353,data\processed\riva_crops\LSIL_13_1_cluster_42644.png,True,LSIL_13,train
RIVA,LSIL_38_5.png,155.3655172413793,165.25241379310344,NILM,Sin lesion,42653.0,0,155,165,data\processed\riva_crops\LSIL_38_5_cluster_42653.png,True,LSIL_38,train
RIVA,LSIL_38_5.png,966.0910344827583,241.5227586206896,NILM,Sin lesion,42655.0,0,966,242,data\processed\riva_crops\LSIL_38_5_cluster_42655.png,True,LSIL_38,train
RIVA,HSIL_19_8.png,891.1799163179918,725.5118549511856,INFL,INFL,42667.0,0,891,726,data\processed\riva_crops\HSIL_19_8_cluster_42667.png,True,HSIL_19,train
RIVA,LSIL_35_4.png,776.4681933842239,140.70229007633588,HSIL,HSIL,42687.0,1,776,141,data\processed\riva_crops\LSIL_35_4_cluster_42687.png,True,LSIL_35,train
RIVA,LSIL_49_5.png,475.9834482758621,632.7613793103449,LSIL,LSIL,42716.0,1,476,633,data\processed\riva_crops\LSIL_49_5_cluster_42716.png,True,LSIL_49,train
RIVA,HSIL_1_19.png,394.0634482758621,685.0206896551725,HSIL,HSIL,42817.0,1,394,685,data\processed\riva_crops\HSIL_1_19_cluster_42817.png,True,HSIL_1,train
RIVA,HSIL_1_19.png,459.0344827586208,718.9186206896552,HSIL,HSIL,42819.0,1,459,719,data\processed\riva_crops\HSIL_1_19_cluster_42819.png,True,HSIL_1,train
RIVA,HSIL_1_19.png,427.96137931034485,707.6193103448276,HSIL,HSIL,42820.0,1,428,708,data\processed\riva_crops\HSIL_1_19_cluster_42820.png,True,HSIL_1,train
RIVA,LSIL_52_2.png,776.333012863439,273.74725506453643,LSIL,LSIL,42856.0,1,776,274,data\processed\riva_crops\LSIL_52_2_cluster_42856.png,True,LSIL_52,train
RIVA,LSIL_52_2.png,503.8359908883828,814.0683371298405,INFL,INFL,42876.0,0,504,814,data\processed\riva_crops\LSIL_52_2_cluster_42876.png,True,LSIL_52,train
RIVA,LSIL_9_4.png,290.87999925805383,960.9474051840016,ENDO,ENDO,42991.0,0,291,961,data\processed\riva_crops\LSIL_9_4_cluster_42991.png,True,LSIL_9,train
RIVA,LSIL_9_4.png,265.0346358367385,838.0482796951915,INFL,INFL,42993.0,0,265,838,data\processed\riva_crops\LSIL_9_4_cluster_42993.png,True,LSIL_9,train
RIVA,LSIL_50_3.png,117.23034482758622,652.535172413793,NILM,Sin lesion,43014.0,0,117,653,data\processed\riva_crops\LSIL_50_3_cluster_43014.png,True,LSIL_50,train
RIVA,LSIL_50_3.png,213.2744827586207,566.3779310344828,NILM,Sin lesion,43015.0,0,213,566,data\processed\riva_crops\LSIL_50_3_cluster_43015.png,True,LSIL_50,train
RIVA,LSIL_24_3.png,231.89821882951657,205.84223918575063,LSIL,LSIL,43072.0,1,232,206,data\processed\riva_crops\LSIL_24_3_cluster_43072.png,True,LSIL_24,train
RIVA,LSIL_52_3.png,323.0010422567514,577.8996954076815,LSIL,LSIL,43083.0,1,323,578,data\processed\riva_crops\LSIL_52_3_cluster_43083.png,True,LSIL_52,train
RIVA,LSIL_16_4.png,264.6441558441558,981.4441558441558,HSIL,HSIL,43115.0,1,265,981,data\processed\riva_crops\LSIL_16_4_cluster_43115.png,True,LSIL_16,train
RIVA,SCC_2_4.png,437.7404580152672,463.79643765903313,CA,CA,43235.0,1,438,464,data\processed\riva_crops\SCC_2_4_cluster_43235.png,True,SCC_2,train
RIVA,LSIL_7_3.png,257.0593103448276,268.3586206896552,NILM,Sin lesion,43290.0,0,257,268,data\processed\riva_crops\LSIL_7_3_cluster_43290.png,True,LSIL_7,train
RIVA,LSIL_7_3.png,822.0248275862069,408.1875862068965,NILM,Sin lesion,43303.0,0,822,408,data\processed\riva_crops\LSIL_7_3_cluster_43303.png,True,LSIL_7,train
RIVA,HSIL_12_2.png,360.1655172413793,300.8441379310345,INFL,INFL,43324.0,0,360,301,data\processed\riva_crops\HSIL_12_2_cluster_43324.png,True,HSIL_12,train
RIVA,HSIL_17_5.png,333.5165394402036,26.0559796437659,CA,CA,43390.0,1,334,26,data\processed\riva_crops\HSIL_17_5_cluster_43390.png,True,HSIL_17,train
RIVA,HSIL_17_5.png,122.46310432569976,383.0229007633589,CA,CA,43392.0,1,122,383,data\processed\riva_crops\HSIL_17_5_cluster_43392.png,True,HSIL_17,train
RIVA,HSIL_17_3.png,229.29262086513995,333.5165394402036,CA,CA,43417.0,1,229,334,data\processed\riva_crops\HSIL_17_3_cluster_43417.png,True,HSIL_17,train
RIVA,LSIL_18_5.png,557.2155844155844,718.1298701298701,NILM,Sin lesion,43618.0,0,557,718,data\processed\riva_crops\LSIL_18_5_cluster_43618.png,True,LSIL_18,train
RIVA,LSIL_18_5.png,95.75064935064935,676.9038961038962,NILM,Sin lesion,43627.0,0,96,677,data\processed\riva_crops\LSIL_18_5_cluster_43627.png,True,LSIL_18,train
RIVA,LSIL_50_2.png,942.08,307.90620689655174,NILM,Sin lesion,43636.0,0,942,308,data\processed\riva_crops\LSIL_50_2_cluster_43636.png,True,LSIL_50,train
RIVA,LSIL_50_7.png,540.9544827586207,840.3862068965518,LSIL,LSIL,43680.0,1,541,840,data\processed\riva_crops\LSIL_50_7_cluster_43680.png,True,LSIL_50,train
RIVA,LSIL_10_1.png,369.99491094147584,33.87277353689567,HSIL,HSIL,43725.0,1,370,34,data\processed\riva_crops\LSIL_10_1_cluster_43725.png,True,LSIL_10,train
RIVA,HSIL_18_4.png,528.936386768448,375.206106870229,INFL,INFL,43795.0,0,529,375,data\processed\riva_crops\HSIL_18_4_cluster_43795.png,True,HSIL_18,train
RIVA,HSIL_LSIL_1_15.png,174.212987012987,775.3142857142857,NILM,Sin lesion,43946.0,0,174,775,data\processed\riva_crops\HSIL_LSIL_1_15_cluster_43946.png,True,HSIL_LSIL_1,train
RIVA,HSIL_LSIL_1_15.png,184.85194805194803,676.9038961038962,NILM,Sin lesion,43947.0,0,185,677,data\processed\riva_crops\HSIL_LSIL_1_15_cluster_43947.png,True,HSIL_LSIL_1,train
RIVA,HSIL_LSIL_1_15.png,558.5454545454545,889.6831168831169,NILM,Sin lesion,43952.0,0,559,890,data\processed\riva_crops\HSIL_LSIL_1_15_cluster_43952.png,True,HSIL_LSIL_1,train
RIVA,LSIL_31_5.png,859.096103896104,219.42857142857144,INFL,INFL,43978.0,0,859,219,data\processed\riva_crops\LSIL_31_5_cluster_43978.png,True,LSIL_31,train
RIVA,LSIL_31_5.png,65.16363636363636,805.9012987012989,INFL,INFL,43986.0,0,65,806,data\processed\riva_crops\LSIL_31_5_cluster_43986.png,True,LSIL_31,train
RIVA,LSIL_10_4.png,685.2722646310434,239.71501272264632,INFL,INFL,44007.0,0,685,240,data\processed\riva_crops\LSIL_10_4_cluster_44007.png,True,LSIL_10,train
RIVA,LSIL_10_4.png,518.5139949109415,203.23664122137404,INFL,INFL,44010.0,0,519,203,data\processed\riva_crops\LSIL_10_4_cluster_44010.png,True,LSIL_10,train
RIVA,LSIL_10_4.png,687.8778625954199,377.8117048346056,INFL,INFL,44011.0,0,688,378,data\processed\riva_crops\LSIL_10_4_cluster_44011.png,True,LSIL_10,train
RIVA,HSIL_7_5.png,295.7458235766514,340.1736213645869,LSIL,LSIL,44092.0,1,296,340,data\processed\riva_crops\HSIL_7_5_cluster_44092.png,True,HSIL_7,train
RIVA,LSIL_33_5.png,272.9111617312073,125.95899772209567,INFL,INFL,44143.0,0,273,126,data\processed\riva_crops\LSIL_33_5_cluster_44143.png,True,LSIL_33,train
RIVA,LSIL_3_4.png,901.12,382.7641379310345,NILM,Sin lesion,44252.0,0,901,383,data\processed\riva_crops\LSIL_3_4_cluster_44252.png,True,LSIL_3,train
RIVA,HSIL_17_9.png,557.5979643765903,250.13740458015263,CA,CA,44260.0,1,558,250,data\processed\riva_crops\HSIL_17_9_cluster_44260.png,True,HSIL_17,train
RIVA,HSIL_35_2.png,292.3023452648406,84.26734277905314,INFL,INFL,44376.0,0,292,84,data\processed\riva_crops\HSIL_35_2_cluster_44376.png,True,HSIL_35,train
RIVA,HSIL_35_2.png,204.08497079301927,639.9051342284347,INFL,INFL,44411.0,0,204,640,data\processed\riva_crops\HSIL_35_2_cluster_44411.png,True,HSIL_35,train
RIVA,LSIL_47_3.png,642.3272727272728,283.26233766233764,ENDO,ENDO,44421.0,0,642,283,data\processed\riva_crops\LSIL_47_3_cluster_44421.png,True,LSIL_47,train
RIVA,HSIL_18_9.png,581.0483460559797,643.5826972010178,NILM,Sin lesion,44506.0,0,581,644,data\processed\riva_crops\HSIL_18_9_cluster_44506.png,True,HSIL_18,train
RIVA,HSIL_LSIL_1_18.png,925.5896103896104,650.3064935064936,NILM,Sin lesion,44534.0,0,926,650,data\processed\riva_crops\HSIL_LSIL_1_18_cluster_44534.png,True,HSIL_LSIL_1,train
RIVA,HSIL_36_2.png,737.3842239185751,229.29262086513995,CA,CA,44572.0,1,737,229,data\processed\riva_crops\HSIL_36_2_cluster_44572.png,True,HSIL_36,train
RIVA,HSIL_36_2.png,930.1984732824428,213.6590330788804,CA,CA,44592.0,1,930,214,data\processed\riva_crops\HSIL_36_2_cluster_44592.png,True,HSIL_36,train
RIVA,HSIL_36_2.png,888.5089058524173,65.13994910941476,CA,CA,44593.0,1,889,65,data\processed\riva_crops\HSIL_36_2_cluster_44593.png,True,HSIL_36,train
RIVA,HSIL_36_2.png,549.7811704834605,570.6259541984733,CA,CA,44607.0,1,550,571,data\processed\riva_crops\HSIL_36_2_cluster_44607.png,True,HSIL_36,train
RIVA,HSIL_36_2.png,83.3791348600509,463.79643765903313,CA,CA,44625.0,1,83,464,data\processed\riva_crops\HSIL_36_2_cluster_44625.png,True,HSIL_36,train
RIVA,LSIL_33_3.png,178.68456375838926,600.1968680089485,INFL,INFL,44722.0,0,179,600,data\processed\riva_crops\LSIL_33_3_cluster_44722.png,True,LSIL_33,train
RIVA,LSIL_33_3.png,643.7225950782998,907.1677852348994,INFL,INFL,44741.0,0,644,907,data\processed\riva_crops\LSIL_33_3_cluster_44741.png,True,LSIL_33,train
RIVA,LSIL_38_2.png,354.51586206896553,696.32,NILM,Sin lesion,44751.0,0,355,696,data\processed\riva_crops\LSIL_38_2_cluster_44751.png,True,LSIL_38,train
RIVA,LSIL_37_12.png,244.34758620689647,248.58482758620693,NILM,Sin lesion,44784.0,0,244,249,data\processed\riva_crops\LSIL_37_12_cluster_44784.png,True,LSIL_37,train
RIVA,LSIL_37_12.png,512.7062068965517,225.9862068965517,NILM,Sin lesion,44785.0,0,513,226,data\processed\riva_crops\LSIL_37_12_cluster_44785.png,True,LSIL_37,train
RIVA,LSIL_37_12.png,600.2758620689655,149.71586206896555,NILM,Sin lesion,44789.0,0,600,150,data\processed\riva_crops\LSIL_37_12_cluster_44789.png,True,LSIL_37,train
RIVA,LSIL_47_2.png,646.3168831168832,557.2155844155844,INFL,INFL,44874.0,0,646,557,data\processed\riva_crops\LSIL_47_2_cluster_44874.png,True,LSIL_47,train
RIVA,HSIL_17_12.png,99.0127226463104,839.0025445292621,CA,CA,44952.0,1,99,839,data\processed\riva_crops\HSIL_17_12_cluster_44952.png,True,HSIL_17,train
RIVA,HSIL_17_12.png,109.4351145038168,526.3307888040714,CA,CA,44964.0,1,109,526,data\processed\riva_crops\HSIL_17_12_cluster_44964.png,True,HSIL_17,train
RIVA,HSIL_18_3.png,54.7175572519084,904.1424936386768,NILM,Sin lesion,45050.0,0,55,904,data\processed\riva_crops\HSIL_18_3_cluster_45050.png,True,HSIL_18,train
RIVA,HSIL_19_11.png,415.59832635983264,281.350069735007,NILM,Sin lesion,45100.0,0,416,281,data\processed\riva_crops\HSIL_19_11_cluster_45100.png,True,HSIL_19,train
RIVA,LSIL_46_2.png,192.81424936386767,169.3638676844784,INFL,INFL,45110.0,0,193,169,data\processed\riva_crops\LSIL_46_2_cluster_45110.png,True,LSIL_46,train
RIVA,HSIL_19_5.png,982.5829846582984,307.0571827057183,INFL,INFL,45133.0,0,983,307,data\processed\riva_crops\HSIL_19_5_cluster_45133.png,True,HSIL_19,train
RIVA,HSIL_LSIL_1_20.png,335.1272727272727,442.8467532467533,NILM,Sin lesion,45146.0,0,335,443,data\processed\riva_crops\HSIL_LSIL_1_20_cluster_45146.png,True,HSIL_LSIL_1,train
RIVA,HSIL_LSIL_1_20.png,155.59480519480522,388.32207792207794,NILM,Sin lesion,45159.0,0,156,388,data\processed\riva_crops\HSIL_LSIL_1_20_cluster_45159.png,True,HSIL_LSIL_1,train
RIVA,LSIL_39_5.png,281.4045801526718,667.0330788804072,HSIL,HSIL,45274.0,1,281,667,data\processed\riva_crops\LSIL_39_5_cluster_45274.png,True,LSIL_39,train
RIVA,LSIL_39_5.png,297.0381679389313,153.73027989821884,INFL,INFL,45281.0,0,297,154,data\processed\riva_crops\LSIL_39_5_cluster_45281.png,True,LSIL_39,train
RIVA,LSIL_39_5.png,80.7735368956743,489.8524173027991,INFL,INFL,45282.0,0,81,490,data\processed\riva_crops\LSIL_39_5_cluster_45282.png,True,LSIL_39,train
RIVA,HSIL_34_8.png,925.4944071588368,826.9888143176734,CA,CA,45371.0,1,925,827,data\processed\riva_crops\HSIL_34_8_cluster_45371.png,True,HSIL_34,train
RIVA,HSIL_34_8.png,971.3109619686802,806.3713646532439,CA,CA,45372.0,1,971,806,data\processed\riva_crops\HSIL_34_8_cluster_45372.png,True,HSIL_34,train
RIVA,HSIL_34_8.png,251.9910514541387,169.5212527964206,CA,CA,45388.0,1,252,170,data\processed\riva_crops\HSIL_34_8_cluster_45388.png,True,HSIL_34,train
RIVA,HSIL_34_8.png,334.4608501118568,148.90380313199103,CA,CA,45393.0,1,334,149,data\processed\riva_crops\HSIL_34_8_cluster_45393.png,True,HSIL_34,train
RIVA,HSIL_34_8.png,323.006711409396,107.668903803132,CA,CA,45394.0,1,323,108,data\processed\riva_crops\HSIL_34_8_cluster_45394.png,True,HSIL_34,train
RIVA,HSIL_34_8.png,366.5324384787472,190.1387024608501,CA,CA,45406.0,1,367,190,data\processed\riva_crops\HSIL_34_8_cluster_45406.png,True,HSIL_34,train
RIVA,LSIL_39_7.png,857.2417302798982,91.19592875318068,INFL,INFL,45445.0,0,857,91,data\processed\riva_crops\LSIL_39_7_cluster_45445.png,True,LSIL_39,train
RIVA,ASCUS_4_3.png,811.7357630979499,123.62642369020504,INFL,INFL,45456.0,0,812,124,data\processed\riva_crops\ASCUS_4_3_cluster_45456.png,True,ASCUS_4,train
RIVA,ASCUS_4_3.png,79.00063385536231,796.2825839492206,LSIL,LSIL,45459.0,1,79,796,data\processed\riva_crops\ASCUS_4_3_cluster_45459.png,True,ASCUS_4,train
RIVA,LSIL_5_1.png,341.3333333333333,218.8702290076336,ASCH,ASCH,45495.0,1,341,219,data\processed\riva_crops\LSIL_5_1_cluster_45495.png,True,LSIL_5,train
RIVA,LSIL_5_1.png,737.3842239185751,211.05343511450383,ASCH,ASCH,45496.0,1,737,211,data\processed\riva_crops\LSIL_5_1_cluster_45496.png,True,LSIL_5,train
RIVA,HSIL_5_3.png,927.5928753180664,260.55979643765903,CA,CA,45568.0,1,928,261,data\processed\riva_crops\HSIL_5_3_cluster_45568.png,True,HSIL_5,train
RIVA,HSIL_5_3.png,1010.9720101781172,145.91348600508906,CA,CA,45569.0,1,1011,146,data\processed\riva_crops\HSIL_5_3_cluster_45569.png,True,HSIL_5,train
RIVA,LSIL_4_4.png,490.7220779220779,252.6753246753247,INFL,INFL,45624.0,0,491,253,data\processed\riva_crops\LSIL_4_4_cluster_45624.png,True,LSIL_4,train
RIVA,HSIL_13_5.png,33.246753246753244,571.8441558441558,LSIL,LSIL,45706.0,1,33,572,data\processed\riva_crops\HSIL_13_5_cluster_45706.png,True,HSIL_13,train
RIVA,HSIL_LSIL_4_6.png,641.2358620689655,193.5006896551724,ENDO,ENDO,45730.0,0,641,194,data\processed\riva_crops\HSIL_LSIL_4_6_cluster_45730.png,True,HSIL_LSIL_4,train
RIVA,HSIL_LSIL_4_6.png,470.3337931034483,290.9572413793104,ENDO,ENDO,45737.0,0,470,291,data\processed\riva_crops\HSIL_LSIL_4_6_cluster_45737.png,True,HSIL_LSIL_4,train
RIVA,HSIL_LSIL_4_6.png,545.191724137931,177.9641379310345,ENDO,ENDO,45743.0,0,545,178,data\processed\riva_crops\HSIL_LSIL_4_6_cluster_45743.png,True,HSIL_LSIL_4,train
RIVA,LSIL_24_6.png,505.48600508905855,75.56234096692111,INFL,INFL,45764.0,0,505,76,data\processed\riva_crops\LSIL_24_6_cluster_45764.png,True,LSIL_24,train
RIVA,HSIL_19_3.png,889.7517433751743,679.810320781032,INFL,INFL,45886.0,0,890,680,data\processed\riva_crops\HSIL_19_3_cluster_45886.png,True,HSIL_19,train
RIVA,LSIL_31_1.png,667.5948051948052,61.17402597402597,INFL,INFL,45993.0,0,668,61,data\processed\riva_crops\LSIL_31_1_cluster_45993.png,True,LSIL_31,train
RIVA,LSIL_16_5.png,38.566233766233765,734.0883116883117,INFL,INFL,46018.0,0,39,734,data\processed\riva_crops\LSIL_16_5_cluster_46018.png,True,LSIL_16,train
RIVA,HSIL_18_1.png,377.8117048346056,281.4045801526718,NILM,Sin lesion,46061.0,0,378,281,data\processed\riva_crops\HSIL_18_1_cluster_46061.png,True,HSIL_18,train
RIVA,LSIL_37_10.png,186.4386206896552,566.3779310344828,NILM,Sin lesion,46084.0,0,186,566,data\processed\riva_crops\LSIL_37_10_cluster_46084.png,True,LSIL_37,train
RIVA,SCC_5_11.png,426.7271374581037,76.29363972735793,CA,CA,46111.0,1,427,76,data\processed\riva_crops\SCC_5_11_cluster_46111.png,True,SCC_5,train
RIVA,SCC_5_11.png,420.2615747693445,33.620925981547565,CA,CA,46115.0,1,420,34,data\processed\riva_crops\SCC_5_11_cluster_46115.png,True,SCC_5,train
RIVA,SCC_5_11.png,400.8648867030672,24.56913821728476,CA,CA,46116.0,1,401,25,data\processed\riva_crops\SCC_5_11_cluster_46116.png,True,SCC_5,train
RIVA,HSIL_35_5.png,968.9628917474312,244.78035598423696,NILM,Sin lesion,46173.0,0,969,245,data\processed\riva_crops\HSIL_35_5_cluster_46173.png,True,HSIL_35,train
RIVA,LSIL_48_2.png,371.03376623376624,468.1142857142858,LSIL,LSIL,46204.0,1,371,468,data\processed\riva_crops\LSIL_48_2_cluster_46204.png,True,LSIL_48,train
RIVA,ASCUS_2_2.png,254.2344827586207,498.5820689655173,NILM,Sin lesion,46218.0,0,254,499,data\processed\riva_crops\ASCUS_2_2_cluster_46218.png,True,ASCUS_2,train
RIVA,HSIL_18_7.png,294.4325699745547,164.15267175572518,NILM,Sin lesion,46246.0,0,294,164,data\processed\riva_crops\HSIL_18_7_cluster_46246.png,True,HSIL_18,train
RIVA,HSIL_18_7.png,706.117048346056,169.3638676844784,NILM,Sin lesion,46249.0,0,706,169,data\processed\riva_crops\HSIL_18_7_cluster_46249.png,True,HSIL_18,train
RIVA,HSIL_18_7.png,229.29262086513995,581.0483460559797,NILM,Sin lesion,46258.0,0,229,581,data\processed\riva_crops\HSIL_18_7_cluster_46258.png,True,HSIL_18,train
RIVA,HSIL_18_7.png,359.57251908396944,627.9491094147583,ASCUS,ASCUS,46269.0,1,360,628,data\processed\riva_crops\HSIL_18_7_cluster_46269.png,True,HSIL_18,train
RIVA,LSIL_8_1.png,406.9402597402599,367.0441558441559,ENDO,ENDO,46304.0,0,407,367,data\processed\riva_crops\LSIL_8_1_cluster_46304.png,True,LSIL_8,train
RIVA,LSIL_42_3.png,922.3062068965518,673.7213793103448,NILM,Sin lesion,46316.0,0,922,674,data\processed\riva_crops\LSIL_42_3_cluster_46316.png,True,LSIL_42,train
RIVA,LSIL_42_3.png,244.34758620689647,31.07310344827585,INFL,INFL,46322.0,0,244,31,data\processed\riva_crops\LSIL_42_3_cluster_46322.png,True,LSIL_42,train
RIVA,LSIL_5_5.png,450.7684478371501,924.9872773536896,INFL,INFL,46384.0,0,451,925,data\processed\riva_crops\LSIL_5_5_cluster_46384.png,True,LSIL_5,train
RIVA,SCC_5_15.png,579.8382147838215,28.56345885634589,CA,CA,46413.0,1,580,29,data\processed\riva_crops\SCC_5_15_cluster_46413.png,True,SCC_5,train
RIVA,LSIL_37_6.png,608.7503448275862,381.3517241379311,NILM,Sin lesion,46453.0,0,609,381,data\processed\riva_crops\LSIL_37_6_cluster_46453.png,True,LSIL_37,train
RIVA,HSIL_10_2.png,114.29612756264234,377.8769931662871,NILM,Sin lesion,46490.0,0,114,378,data\processed\riva_crops\HSIL_10_2_cluster_46490.png,True,HSIL_10,train
RIVA,HSIL_10_2.png,881.5594632001801,318.9791918059332,HSIL,HSIL,46502.0,1,882,319,data\processed\riva_crops\HSIL_10_2_cluster_46502.png,True,HSIL_10,train
RIVA,HSIL_36_4.png,635.7659033078882,672.2442748091603,HSIL,HSIL,46531.0,1,636,672,data\processed\riva_crops\HSIL_36_4_cluster_46531.png,True,HSIL_36,train
RIVA,HSIL_13_3.png,276.612987012987,569.1844155844155,LSIL,LSIL,46556.0,1,277,569,data\processed\riva_crops\HSIL_13_3_cluster_46556.png,True,HSIL_13,train
RIVA,LSIL_54_4.png,440.8564920273348,954.02277904328,INFL,INFL,46578.0,0,441,954,data\processed\riva_crops\LSIL_54_4_cluster_46578.png,True,LSIL_54,train
RIVA,LSIL_30_5.png,515.9896103896103,863.0857142857144,NILM,Sin lesion,46584.0,0,516,863,data\processed\riva_crops\LSIL_30_5_cluster_46584.png,True,LSIL_30,train
RIVA,LSIL_24_4.png,416.8956743002544,44.29516539440203,LSIL,LSIL,46654.0,1,417,44,data\processed\riva_crops\LSIL_24_4_cluster_46654.png,True,LSIL_24,train
RIVA,LSIL_10_3.png,799.9185750636133,883.2977099236641,INFL,INFL,46707.0,0,800,883,data\processed\riva_crops\LSIL_10_3_cluster_46707.png,True,LSIL_10,train
RIVA,HSIL_4_5.png,231.6358620689655,80.50758620689655,NILM,Sin lesion,46724.0,0,232,81,data\processed\riva_crops\HSIL_4_5_cluster_46724.png,True,HSIL_4,train
RIVA,LSIL_4_5.png,843.1376623376624,461.464935064935,INFL,INFL,46745.0,0,843,461,data\processed\riva_crops\LSIL_4_5_cluster_46745.png,True,LSIL_4,train
RIVA,SCC_2_6.png,266.3811827768768,950.2925853481456,LSIL,LSIL,46879.0,1,266,950,data\processed\riva_crops\SCC_2_6_cluster_46879.png,True,SCC_2,train
RIVA,SCC_2_6.png,937.3614599706274,959.3443731124086,NILM,Sin lesion,46881.0,0,937,959,data\processed\riva_crops\SCC_2_6_cluster_46881.png,True,SCC_2,train
RIVA,ASCUS_4_1.png,20.99316628701595,620.4646924829157,INFL,INFL,46917.0,0,21,620,data\processed\riva_crops\ASCUS_4_1_cluster_46917.png,True,ASCUS_4,train
RIVA,ASCUS_4_1.png,128.29157175398635,569.1480637813212,ASCUS,ASCUS,46918.0,1,128,569,data\processed\riva_crops\ASCUS_4_1_cluster_46918.png,True,ASCUS_4,train
RIVA,HSIL_10_1.png,59.58491140817613,387.3903210745117,CA,CA,47051.0,1,60,387,data\processed\riva_crops\HSIL_10_1_cluster_47051.png,True,HSIL_10,train
RIVA,HSIL_18_8.png,599.2875318066159,109.4351145038168,ASCUS,ASCUS,47062.0,1,599,109,data\processed\riva_crops\HSIL_18_8_cluster_47062.png,True,HSIL_18,train
RIVA,HSIL_18_8.png,54.7175572519084,312.67175572519085,NILM,Sin lesion,47067.0,0,55,313,data\processed\riva_crops\HSIL_18_8_cluster_47067.png,True,HSIL_18,train
RIVA,HSIL_18_8.png,106.8295165394402,469.00763358778624,NILM,Sin lesion,47071.0,0,107,469,data\processed\riva_crops\HSIL_18_8_cluster_47071.png,True,HSIL_18,train
RIVA,HSIL_18_8.png,325.6997455470738,377.8117048346056,NILM,Sin lesion,47072.0,0,326,378,data\processed\riva_crops\HSIL_18_8_cluster_47072.png,True,HSIL_18,train
RIVA,HSIL_11_4.png,706.117048346056,80.7735368956743,CA,CA,47170.0,1,706,81,data\processed\riva_crops\HSIL_11_4_cluster_47170.png,True,HSIL_11,train
RIVA,HSIL_11_4.png,343.9389312977099,218.8702290076336,CA,CA,47176.0,1,344,219,data\processed\riva_crops\HSIL_11_4_cluster_47176.png,True,HSIL_11,train
RIVA,HSIL_35_7.png,544.0113003636319,977.3178072672858,INFL,INFL,47219.0,0,544,977,data\processed\riva_crops\HSIL_35_7_cluster_47219.png,True,HSIL_35,train
RIVA,HSIL_LSIL_1_16.png,598.4415584415584,482.74285714285713,INFL,INFL,47262.0,0,598,483,data\processed\riva_crops\HSIL_LSIL_1_16_cluster_47262.png,True,HSIL_LSIL_1,train
RIVA,HSIL_LSIL_1_16.png,336.45714285714286,251.34545454545457,NILM,Sin lesion,47264.0,0,336,251,data\processed\riva_crops\HSIL_LSIL_1_16_cluster_47264.png,True,HSIL_LSIL_1,train
RIVA,HSIL_17_6.png,325.6997455470738,836.3969465648856,CA,CA,47351.0,1,326,836,data\processed\riva_crops\HSIL_17_6_cluster_47351.png,True,HSIL_17,train
RIVA,LSIL_34_4.png,636.8501118568232,400.8948545861298,LSIL,LSIL,47380.0,1,637,401,data\processed\riva_crops\LSIL_34_4_cluster_47380.png,True,LSIL_34,train
RIVA,HSIL_19_12.png,659.6155844155845,59.84415584415584,INFL,INFL,47406.0,0,660,60,data\processed\riva_crops\HSIL_19_12_cluster_47406.png,True,HSIL_19,train
RIVA,HSIL_5_5.png,122.46310432569976,125.06870229007632,CA,CA,47433.0,1,122,125,data\processed\riva_crops\HSIL_5_5_cluster_47433.png,True,HSIL_5,train
RIVA,HSIL_5_5.png,505.48600508905855,547.175572519084,CA,CA,47446.0,1,505,547,data\processed\riva_crops\HSIL_5_5_cluster_47446.png,True,HSIL_5,train
RIVA,LSIL_16_1.png,926.9194805194804,485.4025974025974,NILM,Sin lesion,47458.0,0,927,485,data\processed\riva_crops\LSIL_16_1_cluster_47458.png,True,LSIL_16,train
RIVA,LSIL_37_5.png,584.7393103448276,391.2386206896553,NILM,Sin lesion,47480.0,0,585,391,data\processed\riva_crops\LSIL_37_5_cluster_47480.png,True,LSIL_37,train
RIVA,LSIL_31_2.png,901.651948051948,90.43116883116885,INFL,INFL,47489.0,0,902,90,data\processed\riva_crops\LSIL_31_2_cluster_47489.png,True,LSIL_31,train
RIVA,LSIL_50_8.png,669.4841379310345,425.1365517241379,NILM,Sin lesion,47509.0,0,669,425,data\processed\riva_crops\LSIL_50_8_cluster_47509.png,True,LSIL_50,train
RIVA,ASCUS_2_1.png,870.0468965517241,86.15724137931035,NILM,Sin lesion,47573.0,0,870,86,data\processed\riva_crops\ASCUS_2_1_cluster_47573.png,True,ASCUS_2,train
RIVA,SCC_5_14.png,771.2133891213389,335.6206415620642,HSIL,HSIL,47585.0,1,771,336,data\processed\riva_crops\SCC_5_14_cluster_47585.png,True,SCC_5,train
RIVA,LSIL_37_3.png,628.5241379310345,324.8551724137931,NILM,Sin lesion,47827.0,0,629,325,data\processed\riva_crops\LSIL_37_3_cluster_47827.png,True,LSIL_37,train
RIVA,HSIL_30_4.png,385.6623376623377,311.1896103896104,NILM,Sin lesion,47837.0,0,386,311,data\processed\riva_crops\HSIL_30_4_cluster_47837.png,True,HSIL_30,train
RIVA,LSIL_47_4.png,102.4,440.18701298701296,NILM,Sin lesion,47861.0,0,102,440,data\processed\riva_crops\LSIL_47_4_cluster_47861.png,True,LSIL_47,train
RIVA,HSIL_30_2.png,611.7402597402597,138.3064935064935,INFL,INFL,47868.0,0,612,138,data\processed\riva_crops\HSIL_30_2_cluster_47868.png,True,HSIL_30,train
RIVA,HSIL_30_2.png,997.4025974025972,418.909090909091,INFL,INFL,47883.0,0,997,419,data\processed\riva_crops\HSIL_30_2_cluster_47883.png,True,HSIL_30,train
RIVA,LSIL_23_1.png,57.95391567201074,757.4944697055386,INFL,INFL,47905.0,0,58,757,data\processed\riva_crops\LSIL_23_1_cluster_47905.png,True,LSIL_23,train
RIVA,LSIL_30_1.png,404.2805194805195,482.74285714285713,NILM,Sin lesion,47915.0,0,404,483,data\processed\riva_crops\LSIL_30_1_cluster_47915.png,True,LSIL_30,train
RIVA,LSIL_30_1.png,889.6831168831169,501.36103896103896,NILM,Sin lesion,47919.0,0,890,501,data\processed\riva_crops\LSIL_30_1_cluster_47919.png,True,LSIL_30,train
RIVA,LSIL_33_1.png,146.95216400911164,265.91343963553527,INFL,INFL,47937.0,0,147,266,data\processed\riva_crops\LSIL_33_1_cluster_47937.png,True,LSIL_33,train
RIVA,LSIL_23_4.png,265.0471265847407,931.3059229430417,INFL,INFL,48048.0,0,265,931,data\processed\riva_crops\LSIL_23_4_cluster_48048.png,True,LSIL_23,train
RIVA,LSIL_23_4.png,215.80339814823148,379.4864954633355,INFL,INFL,48055.0,0,216,379,data\processed\riva_crops\LSIL_23_4_cluster_48055.png,True,LSIL_23,train
RIVA,LSIL_38_11.png,495.7572413793104,888.408275862069,LSIL,LSIL,48059.0,1,496,888,data\processed\riva_crops\LSIL_38_11_cluster_48059.png,True,LSIL_38,train
RIVA,ASCUS_5_1.png,127.67430025445294,810.3409669211196,INFL,INFL,48142.0,0,128,810,data\processed\riva_crops\ASCUS_5_1_cluster_48142.png,True,ASCUS_5,train
RIVA,ASCUS_5_1.png,489.8524173027991,521.1195928753181,INFL,INFL,48150.0,0,490,521,data\processed\riva_crops\ASCUS_5_1_cluster_48150.png,True,ASCUS_5,train
RIVA,HSIL_LSIL_4_12.png,276.2543199530497,437.0166845841722,ENDO,ENDO,48246.0,0,276,437,data\processed\riva_crops\HSIL_LSIL_4_12_cluster_48246.png,True,HSIL_LSIL_4,train
RIVA,HSIL_LSIL_4_12.png,128.04168480363572,533.4864471074593,ENDO,ENDO,48250.0,0,128,533,data\processed\riva_crops\HSIL_LSIL_4_12_cluster_48250.png,True,HSIL_LSIL_4,train
RIVA,HSIL_36_5.png,570.6259541984733,198.0254452926208,CA,CA,48257.0,1,571,198,data\processed\riva_crops\HSIL_36_5_cluster_48257.png,True,HSIL_36,train
RIVA,LSIL_37_2.png,493.1405184174626,546.2264665757162,NILM,Sin lesion,48296.0,0,493,546,data\processed\riva_crops\LSIL_37_2_cluster_48296.png,True,LSIL_37,train
RIVA,LSIL_37_2.png,687.3233287858118,463.80354706684847,NILM,Sin lesion,48302.0,0,687,464,data\processed\riva_crops\LSIL_37_2_cluster_48302.png,True,LSIL_37,train
RIVA,LSIL_50_4.png,749.991724137931,350.2786206896552,NILM,Sin lesion,48314.0,0,750,350,data\processed\riva_crops\LSIL_50_4_cluster_48314.png,True,LSIL_50,train
RIVA,LSIL_18_1.png,648.9766233766234,222.0883116883117,NILM,Sin lesion,48352.0,0,649,222,data\processed\riva_crops\LSIL_18_1_cluster_48352.png,True,LSIL_18,train
RIVA,LSIL_18_1.png,676.9038961038962,59.84415584415584,NILM,Sin lesion,48353.0,0,677,60,data\processed\riva_crops\LSIL_18_1_cluster_48353.png,True,LSIL_18,train
RIVA,HSIL_5_2.png,893.7201017811706,18.23918575063613,CA,CA,48380.0,1,894,18,data\processed\riva_crops\HSIL_5_2_cluster_48380.png,True,HSIL_5,train
RIVA,HSIL_5_2.png,789.4961832061068,369.99491094147584,CA,CA,48386.0,1,789,370,data\processed\riva_crops\HSIL_5_2_cluster_48386.png,True,HSIL_5,train
RIVA,HSIL_2_1.png,523.7251908396946,773.8625954198474,INFL,INFL,48396.0,0,524,774,data\processed\riva_crops\HSIL_2_1_cluster_48396.png,True,HSIL_2,train
RIVA,ASCH_1_1.png,81.92,49.43448275862069,NILM,INFL,65.0,0,82,49,data\processed\riva_crops\ASCH_1_1_cluster_65.png,True,ASCH_1,train
RIVA,ASCH_1_1.png,530.0827447023208,549.715438950555,NILM,Sin lesion,4165.0,0,530,550,data\processed\riva_crops\ASCH_1_1_cluster_4165.png,True,ASCH_1,train
RIVA,ASCH_1_10.png,954.7917241379312,550.8413793103448,NILM,Sin lesion,69.0,0,955,551,data\processed\riva_crops\ASCH_1_10_cluster_69.png,True,ASCH_1,train
RIVA,ASCH_1_2.png,809.6734170294199,405.4073560027759,NILM,Sin lesion,7407.0,0,810,405,data\processed\riva_crops\ASCH_1_2_cluster_7407.png,True,ASCH_1,train
RIVA,ASCH_1_2.png,527.579753117574,674.5806994301096,NILM,INFL,7411.0,0,528,675,data\processed\riva_crops\ASCH_1_2_cluster_7411.png,True,ASCH_1,train
RIVA,ASCH_1_3.png,133.29566094853686,701.6104944500505,NILM,Sin lesion,4251.0,0,133,702,data\processed\riva_crops\ASCH_1_3_cluster_4251.png,True,ASCH_1,train
RIVA,ASCH_1_4.png,947.5358224016148,660.2785065590313,NILM,Sin lesion,4149.0,0,948,660,data\processed\riva_crops\ASCH_1_4_cluster_4149.png,True,ASCH_1,train
RIVA,ASCH_1_4.png,745.0090817356206,663.3784056508578,NILM,Sin lesion,4155.0,0,745,663,data\processed\riva_crops\ASCH_1_4_cluster_4155.png,True,ASCH_1,train
RIVA,ASCH_1_4.png,186.9913043478261,186.9913043478261,NILM,Sin lesion,12345.0,0,187,187,data\processed\riva_crops\ASCH_1_4_cluster_12345.png,True,ASCH_1,train
RIVA,ASCH_1_4.png,491.9652173913044,678.9565217391304,NILM,Sin lesion,12358.0,0,492,679,data\processed\riva_crops\ASCH_1_4_cluster_12358.png,True,ASCH_1,train
RIVA,ASCH_1_6.png,739.0608695652174,848.1391304347826,NILM,Sin lesion,12442.0,0,739,848,data\processed\riva_crops\ASCH_1_6_cluster_12442.png,True,ASCH_1,train
RIVA,ASCH_1_8.png,646.84561049445,585.8809283551967,NILM,Sin lesion,4214.0,0,647,586,data\processed\riva_crops\ASCH_1_8_cluster_4214.png,True,ASCH_1,train
RIVA,ASCH_1_9.png,268.3586206896552,415.2496551724138,NILM,Sin lesion,75.0,0,268,415,data\processed\riva_crops\ASCH_1_9_cluster_75.png,True,ASCH_1,train
RIVA,ASCH_1_9.png,633.4127144298689,179.7941473259334,NILM,Sin lesion,4194.0,0,633,180,data\processed\riva_crops\ASCH_1_9_cluster_4194.png,True,ASCH_1,train
RIVA,ASCUS_6_10.png,93.80152671755724,33.87277353689567,HSIL,HSIL,11498.0,1,94,34,data\processed\riva_crops\ASCUS_6_10_cluster_11498.png,True,ASCUS_6,train
RIVA,ASCUS_6_2.png,901.5368956743002,601.8931297709925,HSIL,HSIL,11657.0,1,902,602,data\processed\riva_crops\ASCUS_6_2_cluster_11657.png,True,ASCUS_6,train
RIVA,ASCUS_6_5.png,340.8911917098446,435.0673575129534,LSIL,LSIL,3484.0,1,341,435,data\processed\riva_crops\ASCUS_6_5_cluster_3484.png,True,ASCUS_6,train
RIVA,ASCUS_6_5.png,75.23563856010642,799.7901045995063,LSIL,LSIL,17026.0,1,75,800,data\processed\riva_crops\ASCUS_6_5_cluster_17026.png,True,ASCUS_6,train
RIVA,ASCUS_6_5.png,189.2646532527677,825.6523553545428,NILM,INFL,17027.0,0,189,826,data\processed\riva_crops\ASCUS_6_5_cluster_17027.png,True,ASCUS_6,train
RIVA,ASCUS_6_6.png,168.45595854922283,103.46113989637308,LSIL,LSIL,3468.0,1,168,103,data\processed\riva_crops\ASCUS_6_6_cluster_3468.png,True,ASCUS_6,train
RIVA,ASCUS_6_6.png,476.8244274809161,359.57251908396944,CA,CA,11579.0,1,477,360,data\processed\riva_crops\ASCUS_6_6_cluster_11579.png,True,ASCUS_6,train
RIVA,ASCUS_6_6.png,906.4718889640322,213.36356872905185,NILM,Sin lesion,16985.0,0,906,213,data\processed\riva_crops\ASCUS_6_6_cluster_16985.png,True,ASCUS_6,train
RIVA,ASCUS_6_7.png,489.4507772020725,129.9896373056995,LSIL,LSIL,3478.0,1,489,130,data\processed\riva_crops\ASCUS_6_7_cluster_3478.png,True,ASCUS_6,train
RIVA,ASCUS_6_7.png,741.5526164556679,202.7682935620967,LSIL,LSIL,6764.0,1,742,203,data\processed\riva_crops\ASCUS_6_7_cluster_6764.png,True,ASCUS_6,train
RIVA,ASCUS_6_9.png,450.7684478371501,117.25190839694656,NILM,INFL,11511.0,0,451,117,data\processed\riva_crops\ASCUS_6_9_cluster_11511.png,True,ASCUS_6,train
RIVA,HSIL_14_1.png,23.45038167938932,630.5547073791348,ASCUS,ASCUS,9847.0,1,23,631,data\processed\riva_crops\HSIL_14_1_cluster_9847.png,True,HSIL_14,train
RIVA,HSIL_14_1.png,834.0575868499299,886.930070998306,LSIL,LSIL,15355.0,1,834,887,data\processed\riva_crops\HSIL_14_1_cluster_15355.png,True,HSIL_14,train
RIVA,HSIL_14_10.png,203.8836689038032,178.68456375838926,NILM,INFL,15180.0,0,204,179,data\processed\riva_crops\HSIL_14_10_cluster_15180.png,True,HSIL_14,train
RIVA,HSIL_14_11.png,769.7181208053692,419.22147651006713,LSIL,LSIL,15170.0,1,770,419,data\processed\riva_crops\HSIL_14_11_cluster_15170.png,True,HSIL_14,train
RIVA,HSIL_14_13.png,307.4605597964377,229.29262086513995,LSIL,LSIL,9704.0,1,307,229,data\processed\riva_crops\HSIL_14_13_cluster_9704.png,True,HSIL_14,train
RIVA,HSIL_14_13.png,51.207256494972455,277.37263934776746,LSIL,LSIL,15091.0,1,51,277,data\processed\riva_crops\HSIL_14_13_cluster_15091.png,True,HSIL_14,train
RIVA,HSIL_14_15.png,542.9261744966443,146.61297539149888,NILM,Sin lesion,15060.0,0,543,147,data\processed\riva_crops\HSIL_14_15_cluster_15060.png,True,HSIL_14,train
RIVA,HSIL_14_16.png,799.9185750636133,221.4758269720102,LSIL,LSIL,9662.0,1,800,221,data\processed\riva_crops\HSIL_14_16_cluster_9662.png,True,HSIL_14,train
RIVA,HSIL_14_17.png,938.0152671755724,231.89821882951657,LSIL,LSIL,9263.0,1,938,232,data\processed\riva_crops\HSIL_14_17_cluster_9263.png,True,HSIL_14,train
RIVA,HSIL_14_17.png,943.2264631043256,554.9923664122138,NILM,Sin lesion,9267.0,0,943,555,data\processed\riva_crops\HSIL_14_17_cluster_9267.png,True,HSIL_14,train
RIVA,HSIL_14_18.png,538.1296551724138,266.9462068965517,NILM,Sin lesion,5659.0,0,538,267,data\processed\riva_crops\HSIL_14_18_cluster_5659.png,True,HSIL_14,train
RIVA,HSIL_14_18.png,725.9806896551725,329.0924137931035,NILM,Sin lesion,5661.0,0,726,329,data\processed\riva_crops\HSIL_14_18_cluster_5661.png,True,HSIL_14,train
RIVA,HSIL_14_19.png,409.6580519597797,418.8312416549808,LSIL,LSIL,14497.0,1,410,419,data\processed\riva_crops\HSIL_14_19_cluster_14497.png,True,HSIL_14,train
RIVA,HSIL_14_2.png,632.2684563758389,142.03131991051455,HSIL,HSIL,15335.0,1,632,142,data\processed\riva_crops\HSIL_14_2_cluster_15335.png,True,HSIL_14,train
RIVA,HSIL_14_20.png,492.45801526717565,200.6310432569975,LSIL,LSIL,9230.0,1,492,201,data\processed\riva_crops\HSIL_14_20_cluster_9230.png,True,HSIL_14,train
RIVA,HSIL_14_21.png,122.46310432569976,716.5394402035623,NILM,Sin lesion,9210.0,0,122,717,data\processed\riva_crops\HSIL_14_21_cluster_9210.png,True,HSIL_14,train
RIVA,HSIL_14_23.png,581.0483460559797,685.2722646310434,LSIL,LSIL,9181.0,1,581,685,data\processed\riva_crops\HSIL_14_23_cluster_9181.png,True,HSIL_14,train
RIVA,HSIL_14_3.png,951.0466321243524,396.6010362694301,NILM,Sin lesion,2366.0,0,951,397,data\processed\riva_crops\HSIL_14_3_cluster_2366.png,True,HSIL_14,train
RIVA,HSIL_14_4.png,738.8186528497409,643.3160621761658,NILM,Sin lesion,2360.0,0,739,643,data\processed\riva_crops\HSIL_14_4_cluster_2360.png,True,HSIL_14,train
RIVA,HSIL_14_4.png,760.2050422986268,706.0394456124989,NILM,INFL,15298.0,0,760,706,data\processed\riva_crops\HSIL_14_4_cluster_15298.png,True,HSIL_14,train
RIVA,HSIL_14_6.png,761.3678756476684,588.9326424870467,NILM,Sin lesion,2348.0,0,761,589,data\processed\riva_crops\HSIL_14_6_cluster_2348.png,True,HSIL_14,train
RIVA,HSIL_14_7.png,391.4604318830538,1008.717760917478,LSIL,LSIL,15151.0,1,391,1009,data\processed\riva_crops\HSIL_14_7_cluster_15151.png,True,HSIL_14,train
RIVA,HSIL_14_7.png,137.54015174269455,967.5732710799202,LSIL,LSIL,15159.0,1,138,968,data\processed\riva_crops\HSIL_14_7_cluster_15159.png,True,HSIL_14,train
RIVA,HSIL_1_2.png,26.71304347826087,629.9826086956522,NILM,Sin lesion,12333.0,0,27,630,data\processed\riva_crops\HSIL_1_2_cluster_12333.png,True,HSIL_1,train
RIVA,HSIL_1_6.png,540.9544827586207,129.94206896551725,LSIL,LSIL,4304.0,1,541,130,data\processed\riva_crops\HSIL_1_6_cluster_4304.png,True,HSIL_1,train
RIVA,HSIL_1_6.png,440.3460559796438,226.68702290076345,NILM,Sin lesion,7472.0,0,440,227,data\processed\riva_crops\HSIL_1_6_cluster_7472.png,True,HSIL_1,train
RIVA,HSIL_1_7.png,409.1434820095472,554.0889227904557,ASCUS,ASCUS,7471.0,1,409,554,data\processed\riva_crops\HSIL_1_7_cluster_7471.png,True,HSIL_1,train
RIVA,HSIL_24_1.png,116.72538860103629,909.9274611398964,HSIL,HSIL,1036.0,1,117,910,data\processed\riva_crops\HSIL_24_1_cluster_1036.png,True,HSIL_24,train
RIVA,HSIL_24_1.png,471.61323155216286,419.5012722646311,HSIL,HSIL,8501.0,1,472,420,data\processed\riva_crops\HSIL_24_1_cluster_8501.png,True,HSIL_24,train
RIVA,HSIL_24_4.png,969.6165803108806,587.6062176165804,NILM,INFL,1010.0,0,970,588,data\processed\riva_crops\HSIL_24_4_cluster_1010.png,True,HSIL_24,train
RIVA,HSIL_24_5.png,362.11398963730574,669.8445595854922,NILM,ENDO,1005.0,0,362,670,data\processed\riva_crops\HSIL_24_5_cluster_1005.png,True,HSIL_24,train
RIVA,HSIL_24_5.png,250.13740458015263,203.23664122137404,CA,CA,8454.0,1,250,203,data\processed\riva_crops\HSIL_24_5_cluster_8454.png,True,HSIL_24,train
RIVA,HSIL_24_6.png,224.0814249363868,88.59033078880405,ASCH,ASCH,8316.0,1,224,89,data\processed\riva_crops\HSIL_24_6_cluster_8316.png,True,HSIL_24,train
RIVA,HSIL_24_7.png,742.5954198473281,677.4554707379136,HSIL,HSIL,8303.0,1,743,677,data\processed\riva_crops\HSIL_24_7_cluster_8303.png,True,HSIL_24,train
RIVA,HSIL_25_6.png,541.9643765903307,396.05089058524175,CA,CA,11362.0,1,542,396,data\processed\riva_crops\HSIL_25_6_cluster_11362.png,True,HSIL_25,train
RIVA,HSIL_25_6.png,161.5470737913486,244.9262086513996,CA,CA,11373.0,1,162,245,data\processed\riva_crops\HSIL_25_6_cluster_11373.png,True,HSIL_25,train
RIVA,HSIL_25_7.png,208.4478371501272,218.8702290076336,CA,CA,11339.0,1,208,219,data\processed\riva_crops\HSIL_25_7_cluster_11339.png,True,HSIL_25,train
RIVA,HSIL_25_8.png,158.941475826972,453.3740458015268,ASCH,ASCH,11330.0,1,159,453,data\processed\riva_crops\HSIL_25_8_cluster_11330.png,True,HSIL_25,train
RIVA,HSIL_25_9.png,471.61323155216286,252.7430025445292,CA,CA,11311.0,1,472,253,data\processed\riva_crops\HSIL_25_9_cluster_11311.png,True,HSIL_25,train
RIVA,HSIL_27_3.png,645.9689119170986,140.60103626943004,NILM,ENDO,520.0,0,646,141,data\processed\riva_crops\HSIL_27_3_cluster_520.png,True,HSIL_27,train
RIVA,HSIL_27_3.png,671.1709844559585,331.60621761658035,NILM,ENDO,521.0,0,671,332,data\processed\riva_crops\HSIL_27_3_cluster_521.png,True,HSIL_27,train
RIVA,HSIL_27_3.png,515.9792746113991,122.03108808290158,NILM,ENDO,526.0,0,516,122,data\processed\riva_crops\HSIL_27_3_cluster_526.png,True,HSIL_27,train
RIVA,HSIL_27_3.png,643.6571428571427,384.843956043956,NILM,ENDO,12983.0,0,644,385,data\processed\riva_crops\HSIL_27_3_cluster_12983.png,True,HSIL_27,train
RIVA,HSIL_27_8.png,771.2569974554707,229.29262086513995,ASCH,ASCH,8090.0,1,771,229,data\processed\riva_crops\HSIL_27_8_cluster_8090.png,True,HSIL_27,train
RIVA,HSIL_27_9.png,596.6819338422392,208.4478371501272,NILM,INFL,7885.0,0,597,208,data\processed\riva_crops\HSIL_27_9_cluster_7885.png,True,HSIL_27,train
RIVA,HSIL_28_1.png,70.35114503816794,664.4274809160305,HSIL,HSIL,7870.0,1,70,664,data\processed\riva_crops\HSIL_28_1_cluster_7870.png,True,HSIL_28,train
RIVA,HSIL_28_2.png,362.17811704834605,732.1730279898219,NILM,Sin lesion,7862.0,0,362,732,data\processed\riva_crops\HSIL_28_2_cluster_7862.png,True,HSIL_28,train
RIVA,HSIL_28_2.png,368.8232662192394,616.2326621923937,NILM,INFL,12959.0,0,369,616,data\processed\riva_crops\HSIL_28_2_cluster_12959.png,True,HSIL_28,train
RIVA,HSIL_28_2.png,361.437885427014,371.6906734436273,NILM,Sin lesion,12961.0,0,361,372,data\processed\riva_crops\HSIL_28_2_cluster_12961.png,True,HSIL_28,train
RIVA,HSIL_28_3.png,745.0718146068596,816.7042247597418,NILM,Sin lesion,8061.0,0,745,817,data\processed\riva_crops\HSIL_28_3_cluster_8061.png,True,HSIL_28,train
RIVA,HSIL_28_3.png,139.74049217002238,442.1297539149888,NILM,Sin lesion,13200.0,0,140,442,data\processed\riva_crops\HSIL_28_3_cluster_13200.png,True,HSIL_28,train
RIVA,HSIL_28_3.png,270.31767337807605,22.9082774049217,NILM,Sin lesion,13205.0,0,270,23,data\processed\riva_crops\HSIL_28_3_cluster_13205.png,True,HSIL_28,train
RIVA,HSIL_28_4.png,992.7328244274806,638.3715012722646,NILM,Sin lesion,7848.0,0,993,638,data\processed\riva_crops\HSIL_28_4_cluster_7848.png,True,HSIL_28,train
RIVA,HSIL_28_4.png,442.7081138385151,387.97875206107466,NILM,ENDO,12925.0,0,443,388,data\processed\riva_crops\HSIL_28_4_cluster_12925.png,True,HSIL_28,train
RIVA,HSIL_28_6.png,372.72538860103634,88.87046632124353,NILM,ENDO,714.0,0,373,89,data\processed\riva_crops\HSIL_28_6_cluster_714.png,True,HSIL_28,train
RIVA,HSIL_28_6.png,368.4077620054963,979.9048624626628,HSIL,HSIL,13175.0,1,368,980,data\processed\riva_crops\HSIL_28_6_cluster_13175.png,True,HSIL_28,train
RIVA,HSIL_31_10.png,401.9067357512953,399.2538860103627,NILM,INFL,3131.0,0,402,399,data\processed\riva_crops\HSIL_31_10_cluster_3131.png,True,HSIL_31,train
RIVA,HSIL_31_10.png,53.056994818652846,933.8031088082902,NILM,INFL,3137.0,0,53,934,data\processed\riva_crops\HSIL_31_10_cluster_3137.png,True,HSIL_31,train
RIVA,HSIL_31_2.png,690.8605430651437,259.2537467686808,HSIL,HSIL,6624.0,1,691,259,data\processed\riva_crops\HSIL_31_2_cluster_6624.png,True,HSIL_31,train
RIVA,HSIL_31_2.png,106.8295165394402,164.15267175572518,CA,CA,11112.0,1,107,164,data\processed\riva_crops\HSIL_31_2_cluster_11112.png,True,HSIL_31,train
RIVA,HSIL_31_3.png,126.01036269430053,136.6217616580311,NILM,ENDO,3219.0,0,126,137,data\processed\riva_crops\HSIL_31_3_cluster_3219.png,True,HSIL_31,train
RIVA,HSIL_31_3.png,932.476683937824,741.4715025906736,NILM,INFL,3226.0,0,932,741,data\processed\riva_crops\HSIL_31_3_cluster_3226.png,True,HSIL_31,train
RIVA,HSIL_31_3.png,739.9898218829517,865.058524173028,NILM,INFL,11076.0,0,740,865,data\processed\riva_crops\HSIL_31_3_cluster_11076.png,True,HSIL_31,train
RIVA,HSIL_31_4.png,149.8860103626943,116.72538860103629,HSIL,HSIL,3211.0,1,150,117,data\processed\riva_crops\HSIL_31_4_cluster_3211.png,True,HSIL_31,train
RIVA,HSIL_31_4.png,801.160621761658,385.9896373056995,NILM,ENDO,3215.0,0,801,386,data\processed\riva_crops\HSIL_31_4_cluster_3215.png,True,HSIL_31,train
RIVA,HSIL_31_5.png,427.3180661577608,203.23664122137404,LSIL,LSIL,11053.0,1,427,203,data\processed\riva_crops\HSIL_31_5_cluster_11053.png,True,HSIL_31,train
RIVA,HSIL_31_6.png,685.2722646310434,291.82697201017817,NILM,INFL,11029.0,0,685,292,data\processed\riva_crops\HSIL_31_6_cluster_11029.png,True,HSIL_31,train
RIVA,HSIL_31_8.png,959.0051813471504,781.2642487046633,LSIL,LSIL,3159.0,1,959,781,data\processed\riva_crops\HSIL_31_8_cluster_3159.png,True,HSIL_31,train
RIVA,HSIL_31_8.png,852.0305343511451,823.3689567430025,NILM,Sin lesion,10981.0,0,852,823,data\processed\riva_crops\HSIL_31_8_cluster_10981.png,True,HSIL_31,train
RIVA,HSIL_31_8.png,380.2774049217002,588.7427293064877,LSIL,LSIL,16536.0,1,380,589,data\processed\riva_crops\HSIL_31_8_cluster_16536.png,True,HSIL_31,train
RIVA,HSIL_32_11.png,964.4384787472036,884.2595078299777,NILM,Sin lesion,16387.0,0,964,884,data\processed\riva_crops\HSIL_32_11_cluster_16387.png,True,HSIL_32,train
RIVA,HSIL_32_2.png,770.6528497409327,477.5129533678757,NILM,INFL,3103.0,0,771,478,data\processed\riva_crops\HSIL_32_2_cluster_3103.png,True,HSIL_32,train
RIVA,HSIL_32_4.png,554.9923664122138,818.1577608142494,NILM,INFL,10917.0,0,555,818,data\processed\riva_crops\HSIL_32_4_cluster_10917.png,True,HSIL_32,train
RIVA,HSIL_32_4.png,939.2393736017896,581.8702460850112,NILM,INFL,16460.0,0,939,582,data\processed\riva_crops\HSIL_32_4_cluster_16460.png,True,HSIL_32,train
RIVA,HSIL_32_8.png,308.49747520519,86.9006972408986,NILM,Sin lesion,6467.0,0,308,87,data\processed\riva_crops\HSIL_32_8_cluster_6467.png,True,HSIL_32,train
RIVA,HSIL_32_8.png,137.4496644295302,361.9507829977629,NILM,Sin lesion,16393.0,0,137,362,data\processed\riva_crops\HSIL_32_8_cluster_16393.png,True,HSIL_32,train
RIVA,HSIL_34_2.png,831.6683937823834,78.25906735751295,NILM,ENDO,2995.0,0,832,78,data\processed\riva_crops\HSIL_34_2_cluster_2995.png,True,HSIL_34,train
RIVA,HSIL_34_5.png,294.935699726686,822.5483836688259,NILM,INFL,6412.0,0,295,823,data\processed\riva_crops\HSIL_34_5_cluster_6412.png,True,HSIL_34,train
RIVA,HSIL_34_5.png,315.2773536895673,594.0763358778626,CA,CA,10755.0,1,315,594,data\processed\riva_crops\HSIL_34_5_cluster_10755.png,True,HSIL_34,train
RIVA,HSIL_34_5.png,190.4402101052694,807.697539139694,ASCH,ASCH,16319.0,1,190,808,data\processed\riva_crops\HSIL_34_5_cluster_16319.png,True,HSIL_34,train
RIVA,HSIL_9_1.png,615.4611398963731,348.8497409326425,LSIL,LSIL,2916.0,1,615,349,data\processed\riva_crops\HSIL_9_1_cluster_2916.png,True,HSIL_9,train
RIVA,HSIL_9_1.png,424.2691549483274,611.2895633008646,LSIL,LSIL,16257.0,1,424,611,data\processed\riva_crops\HSIL_9_1_cluster_16257.png,True,HSIL_9,train
RIVA,HSIL_9_14.png,810.3409669211196,338.7277353689568,NILM,INFL,10452.0,0,810,339,data\processed\riva_crops\HSIL_9_14_cluster_10452.png,True,HSIL_9,train
RIVA,HSIL_9_15.png,652.6010362694301,139.27461139896374,LSIL,LSIL,2713.0,1,653,139,data\processed\riva_crops\HSIL_9_15_cluster_2713.png,True,HSIL_9,train
RIVA,HSIL_9_16.png,622.0932642487047,880.7461139896373,NILM,Sin lesion,2220.0,0,622,881,data\processed\riva_crops\HSIL_9_16_cluster_2220.png,True,HSIL_9,train
RIVA,HSIL_9_16.png,242.9351724137931,91.80689655172414,NILM,INFL,5856.0,0,243,92,data\processed\riva_crops\HSIL_9_16_cluster_5856.png,True,HSIL_9,train
RIVA,HSIL_9_16.png,164.15267175572518,5.211195928753181,NILM,INFL,9649.0,0,164,5,data\processed\riva_crops\HSIL_9_16_cluster_9649.png,True,HSIL_9,train
RIVA,HSIL_9_19.png,593.2137931034484,745.7544827586207,NILM,Sin lesion,5826.0,0,593,746,data\processed\riva_crops\HSIL_9_19_cluster_5826.png,True,HSIL_9,train
RIVA,HSIL_9_19.png,333.5165394402036,346.54452926208654,NILM,INFL,9605.0,0,334,347,data\processed\riva_crops\HSIL_9_19_cluster_9605.png,True,HSIL_9,train
RIVA,HSIL_9_19.png,446.8015854216835,325.62924814296065,NILM,INFL,14992.0,0,447,326,data\processed\riva_crops\HSIL_9_19_cluster_14992.png,True,HSIL_9,train
RIVA,HSIL_9_2.png,338.7277353689568,554.9923664122138,NILM,Sin lesion,10651.0,0,339,555,data\processed\riva_crops\HSIL_9_2_cluster_10651.png,True,HSIL_9,train
RIVA,HSIL_9_22.png,846.3421559585724,698.2649517403142,NILM,INFL,14962.0,0,846,698,data\processed\riva_crops\HSIL_9_22_cluster_14962.png,True,HSIL_9,train
RIVA,HSIL_9_23.png,437.7404580152672,573.2315521628499,NILM,Sin lesion,9562.0,0,438,573,data\processed\riva_crops\HSIL_9_23_cluster_9562.png,True,HSIL_9,train
RIVA,HSIL_9_3.png,131.3160621761658,79.58549222797927,HSIL,HSIL,2847.0,1,131,80,data\processed\riva_crops\HSIL_9_3_cluster_2847.png,True,HSIL_9,train
RIVA,HSIL_9_3.png,543.0579215202479,636.5021575604036,LSIL,LSIL,16152.0,1,543,637,data\processed\riva_crops\HSIL_9_3_cluster_16152.png,True,HSIL_9,train
RIVA,HSIL_9_4.png,286.5077720207254,55.70984455958549,NILM,INFL,2828.0,0,287,56,data\processed\riva_crops\HSIL_9_4_cluster_2828.png,True,HSIL_9,train
RIVA,HSIL_9_4.png,812.1379310344828,163.84,NILM,INFL,6325.0,0,812,164,data\processed\riva_crops\HSIL_9_4_cluster_6325.png,True,HSIL_9,train
RIVA,HSIL_9_7.png,867.6641221374045,317.882951653944,HSIL,HSIL,10542.0,1,868,318,data\processed\riva_crops\HSIL_9_7_cluster_10542.png,True,HSIL_9,train
RIVA,HSIL_9_8.png,109.4351145038168,226.68702290076345,LSIL,LSIL,10499.0,1,109,227,data\processed\riva_crops\HSIL_9_8_cluster_10499.png,True,HSIL_9,train
RIVA,HSIL_9_8.png,299.76699738792405,714.8285477920626,LSIL,LSIL,16027.0,1,300,715,data\processed\riva_crops\HSIL_9_8_cluster_16027.png,True,HSIL_9,train
RIVA,HSIL_9_8.png,258.6225075503658,128.22567839373286,LSIL,LSIL,16035.0,1,259,128,data\processed\riva_crops\HSIL_9_8_cluster_16035.png,True,HSIL_9,train
RIVA,HSIL_9_9.png,291.82697201017817,648.7938931297709,LSIL,LSIL,10534.0,1,292,649,data\processed\riva_crops\HSIL_9_9_cluster_10534.png,True,HSIL_9,train
RIVA,HSIL_LSIL_1_1.png,940.3027245206862,634.4460141271443,NILM,Sin lesion,4326.0,0,940,634,data\processed\riva_crops\HSIL_LSIL_1_1_cluster_4326.png,True,HSIL_LSIL_1,train
RIVA,HSIL_LSIL_1_10.png,482.0356234096692,273.58778625954204,HSIL,HSIL,7506.0,1,482,274,data\processed\riva_crops\HSIL_LSIL_1_10_cluster_7506.png,True,HSIL_LSIL_1,train
RIVA,HSIL_LSIL_1_10.png,100.62106976053116,55.29616280310408,NILM,Sin lesion,12564.0,0,101,55,data\processed\riva_crops\HSIL_LSIL_1_10_cluster_12564.png,True,HSIL_LSIL_1,train
RIVA,HSIL_LSIL_1_3.png,263.7150684931507,266.52054794520546,NILM,ENDO,18.0,0,264,267,data\processed\riva_crops\HSIL_LSIL_1_3_cluster_18.png,True,HSIL_LSIL_1,train
RIVA,HSIL_LSIL_1_3.png,184.7652173913044,149.1478260869565,NILM,ENDO,12317.0,0,185,149,data\processed\riva_crops\HSIL_LSIL_1_3_cluster_12317.png,True,HSIL_LSIL_1,train
RIVA,HSIL_LSIL_1_4.png,379.22098890010096,30.998990918264383,NILM,Sin lesion,4404.0,0,379,31,data\processed\riva_crops\HSIL_LSIL_1_4_cluster_4404.png,True,HSIL_LSIL_1,train
RIVA,HSIL_LSIL_1_4.png,80.17897091722595,682.6666666666666,NILM,Sin lesion,12637.0,0,80,683,data\processed\riva_crops\HSIL_LSIL_1_4_cluster_12637.png,True,HSIL_LSIL_1,train
RIVA,HSIL_LSIL_1_5.png,996.510067114094,167.2304250559284,NILM,Sin lesion,12607.0,0,997,167,data\processed\riva_crops\HSIL_LSIL_1_5_cluster_12607.png,True,HSIL_LSIL_1,train
RIVA,HSIL_LSIL_1_7.png,156.33587786259542,750.412213740458,LSIL,LSIL,7536.0,1,156,750,data\processed\riva_crops\HSIL_LSIL_1_7_cluster_7536.png,True,HSIL_LSIL_1,train
RIVA,HSIL_LSIL_1_9.png,621.0131180625631,514.5832492431887,NILM,Sin lesion,4355.0,0,621,515,data\processed\riva_crops\HSIL_LSIL_1_9_cluster_4355.png,True,HSIL_LSIL_1,train
RIVA,HSIL_LSIL_1_9.png,612.3155216284987,685.2722646310434,NILM,INFL,7522.0,0,612,685,data\processed\riva_crops\HSIL_LSIL_1_9_cluster_7522.png,True,HSIL_LSIL_1,train
RIVA,HSIL_LSIL_3_1.png,483.2199861207494,508.4469118667593,NILM,Sin lesion,7724.0,0,483,508,data\processed\riva_crops\HSIL_LSIL_3_1_cluster_7724.png,True,HSIL_LSIL_3,train
RIVA,HSIL_LSIL_3_1.png,613.9418344519015,320.7158836689038,NILM,Sin lesion,12788.0,0,614,321,data\processed\riva_crops\HSIL_LSIL_3_1_cluster_12788.png,True,HSIL_LSIL_3,train
RIVA,HSIL_LSIL_3_1.png,293.22595078299776,251.9910514541387,NILM,Sin lesion,12796.0,0,293,252,data\processed\riva_crops\HSIL_LSIL_3_1_cluster_12796.png,True,HSIL_LSIL_3,train
RIVA,HSIL_LSIL_3_5.png,742.6813186813187,668.4131868131868,NILM,Sin lesion,13123.0,0,743,668,data\processed\riva_crops\HSIL_LSIL_3_5_cluster_13123.png,True,HSIL_LSIL_3,train
RIVA,HSIL_LSIL_3_5.png,463.61318681318687,612.1494505494505,NILM,Sin lesion,13128.0,0,464,612,data\processed\riva_crops\HSIL_LSIL_3_5_cluster_13128.png,True,HSIL_LSIL_3,train
RIVA,HSIL_LSIL_3_6.png,623.419689119171,230.7979274611399,HSIL,HSIL,663.0,1,623,231,data\processed\riva_crops\HSIL_LSIL_3_6_cluster_663.png,True,HSIL_LSIL_3,train
RIVA,HSIL_LSIL_3_6.png,322.3212435233161,894.0103626943006,NILM,Sin lesion,680.0,0,322,894,data\processed\riva_crops\HSIL_LSIL_3_6_cluster_680.png,True,HSIL_LSIL_3,train
RIVA,HSIL_LSIL_3_6.png,453.3848275862069,244.34758620689647,NILM,Sin lesion,4796.0,0,453,244,data\processed\riva_crops\HSIL_LSIL_3_6_cluster_4796.png,True,HSIL_LSIL_3,train
RIVA,HSIL_LSIL_3_6.png,730.2179310344827,425.1365517241379,LSIL,LSIL,4821.0,1,730,425,data\processed\riva_crops\HSIL_LSIL_3_6_cluster_4821.png,True,HSIL_LSIL_3,train
RIVA,HSIL_LSIL_3_6.png,148.90380313199103,320.7158836689038,LSIL,LSIL,13337.0,1,149,321,data\processed\riva_crops\HSIL_LSIL_3_6_cluster_13337.png,True,HSIL_LSIL_3,train
RIVA,HSIL_LSIL_3_6.png,977.6034234406852,621.3289363769144,LSIL,LSIL,13351.0,1,978,621,data\processed\riva_crops\HSIL_LSIL_3_6_cluster_13351.png,True,HSIL_LSIL_3,train
RIVA,HSIL_LSIL_3_7.png,225.9862068965517,302.2565517241379,NILM,Sin lesion,4780.0,0,226,302,data\processed\riva_crops\HSIL_LSIL_3_7_cluster_4780.png,True,HSIL_LSIL_3,train
RIVA,HSIL_LSIL_3_7.png,987.3467561521256,442.1297539149888,LSIL,LSIL,13308.0,1,987,442,data\processed\riva_crops\HSIL_LSIL_3_7_cluster_13308.png,True,HSIL_LSIL_3,train
RIVA,HSIL_LSIL_3_7.png,934.6577181208054,435.2572706935123,LSIL,LSIL,13309.0,1,935,435,data\processed\riva_crops\HSIL_LSIL_3_7_cluster_13309.png,True,HSIL_LSIL_3,train
RIVA,HSIL_LSIL_3_8.png,755.641379310345,439.2606896551725,NILM,Sin lesion,4762.0,0,756,439,data\processed\riva_crops\HSIL_LSIL_3_8_cluster_4762.png,True,HSIL_LSIL_3,train
RIVA,HSIL_LSIL_3_8.png,865.058524173028,101.61832061068702,LSIL,LSIL,8196.0,1,865,102,data\processed\riva_crops\HSIL_LSIL_3_8_cluster_8196.png,True,HSIL_LSIL_3,train
RIVA,HSIL_LSIL_4_2.png,262.63212435233163,452.3108808290156,NILM,ENDO,829.0,0,263,452,data\processed\riva_crops\HSIL_LSIL_4_2_cluster_829.png,True,HSIL_LSIL_4,train
RIVA,HSIL_LSIL_4_2.png,574.3419689119171,819.7305699481865,NILM,ENDO,831.0,0,574,820,data\processed\riva_crops\HSIL_LSIL_4_2_cluster_831.png,True,HSIL_LSIL_4,train
RIVA,HSIL_LSIL_4_2.png,811.7720207253886,854.2176165803108,NILM,ENDO,832.0,0,812,854,data\processed\riva_crops\HSIL_LSIL_4_2_cluster_832.png,True,HSIL_LSIL_4,train
RIVA,LSIL_10_10.png,449.1475862068966,361.5779310344828,ASCUS,ASCUS,5248.0,1,449,362,data\processed\riva_crops\LSIL_10_10_cluster_5248.png,True,LSIL_10,train
RIVA,LSIL_10_10.png,554.9923664122138,328.3053435114504,NILM,Sin lesion,8722.0,0,555,328,data\processed\riva_crops\LSIL_10_10_cluster_8722.png,True,LSIL_10,train
RIVA,LSIL_10_13.png,909.4586129753916,132.86800894854585,NILM,Sin lesion,13899.0,0,909,133,data\processed\riva_crops\LSIL_10_13_cluster_13899.png,True,LSIL_10,train
RIVA,LSIL_10_14.png,387.1498881431767,558.9619686800895,NILM,INFL,13991.0,0,387,559,data\processed\riva_crops\LSIL_10_14_cluster_13991.png,True,LSIL_10,train
RIVA,LSIL_10_15.png,893.4228187919464,48.10738255033557,NILM,INFL,13861.0,0,893,48,data\processed\riva_crops\LSIL_10_15_cluster_13861.png,True,LSIL_10,train
RIVA,LSIL_10_15.png,865.9328859060404,336.751677852349,NILM,INFL,13866.0,0,866,337,data\processed\riva_crops\LSIL_10_15_cluster_13866.png,True,LSIL_10,train
RIVA,LSIL_10_18.png,153.95310344827587,418.0744827586208,NILM,Sin lesion,5313.0,0,154,418,data\processed\riva_crops\LSIL_10_18_cluster_5313.png,True,LSIL_10,train
RIVA,LSIL_10_18.png,698.3002544529262,547.175572519084,NILM,Sin lesion,8794.0,0,698,547,data\processed\riva_crops\LSIL_10_18_cluster_8794.png,True,LSIL_10,train
RIVA,LSIL_10_18.png,544.5699745547074,812.9465648854962,NILM,INFL,8796.0,0,545,813,data\processed\riva_crops\LSIL_10_18_cluster_8796.png,True,LSIL_10,train
RIVA,LSIL_10_19.png,813.0984455958551,587.6062176165804,NILM,Sin lesion,1426.0,0,813,588,data\processed\riva_crops\LSIL_10_19_cluster_1426.png,True,LSIL_10,train
RIVA,LSIL_10_20.png,968.9158620689652,131.3544827586207,NILM,Sin lesion,5305.0,0,969,131,data\processed\riva_crops\LSIL_10_20_cluster_5305.png,True,LSIL_10,train
RIVA,LSIL_14_1.png,255.3486005089059,711.3282442748093,HSIL,HSIL,11478.0,1,255,711,data\processed\riva_crops\LSIL_14_1_cluster_11478.png,True,LSIL_14,train
RIVA,LSIL_14_1.png,870.2697201017813,208.4478371501272,HSIL,HSIL,11483.0,1,870,208,data\processed\riva_crops\LSIL_14_1_cluster_11483.png,True,LSIL_14,train
RIVA,LSIL_14_2.png,737.3842239185751,148.51908396946564,HSIL,HSIL,11456.0,1,737,149,data\processed\riva_crops\LSIL_14_2_cluster_11456.png,True,LSIL_14,train
RIVA,LSIL_14_2.png,226.68702290076345,377.8117048346056,HSIL,HSIL,11460.0,1,227,378,data\processed\riva_crops\LSIL_14_2_cluster_11460.png,True,LSIL_14,train
RIVA,LSIL_14_2.png,846.8193384223919,854.6361323155216,HSIL,HSIL,11473.0,1,847,855,data\processed\riva_crops\LSIL_14_2_cluster_11473.png,True,LSIL_14,train
RIVA,LSIL_14_2.png,116.83221476510067,336.751677852349,NILM,Sin lesion,16907.0,0,117,337,data\processed\riva_crops\LSIL_14_2_cluster_16907.png,True,LSIL_14,train
RIVA,LSIL_1_10.png,331.6892028254289,384.3874873864783,NILM,Sin lesion,4419.0,0,332,384,data\processed\riva_crops\LSIL_1_10_cluster_4419.png,True,LSIL_1,train
RIVA,LSIL_1_10.png,747.8066157760815,270.9821882951654,HSIL,HSIL,7580.0,1,748,271,data\processed\riva_crops\LSIL_1_10_cluster_7580.png,True,LSIL_1,train
RIVA,LSIL_1_10.png,792.1017811704835,164.15267175572518,HSIL,HSIL,7586.0,1,792,164,data\processed\riva_crops\LSIL_1_10_cluster_7586.png,True,LSIL_1,train
RIVA,LSIL_1_2.png,440.3460559796438,406.4732824427481,CA,CA,7652.0,1,440,406,data\processed\riva_crops\LSIL_1_2_cluster_7652.png,True,LSIL_1,train
RIVA,LSIL_1_4.png,348.2219979818365,486.68415741675074,NILM,Sin lesion,4482.0,0,348,487,data\processed\riva_crops\LSIL_1_4_cluster_4482.png,True,LSIL_1,train
RIVA,LSIL_1_5.png,366.5324384787472,300.09843400447426,NILM,INFL,12683.0,0,367,300,data\processed\riva_crops\LSIL_1_5_cluster_12683.png,True,LSIL_1,train
RIVA,LSIL_1_7.png,273.8086956521739,282.71304347826083,LSIL,LSIL,12290.0,1,274,283,data\processed\riva_crops\LSIL_1_7_cluster_12290.png,True,LSIL_1,train
RIVA,LSIL_1_8.png,790.3355704697988,542.9261744966443,NILM,Sin lesion,12677.0,0,790,543,data\processed\riva_crops\LSIL_1_8_cluster_12677.png,True,LSIL_1,train
RIVA,LSIL_1_9.png,697.4772956609486,126.06256306760848,NILM,INFL,4438.0,0,697,126,data\processed\riva_crops\LSIL_1_9_cluster_4438.png,True,LSIL_1,train
RIVA,LSIL_28_11.png,594.0763358778626,479.43002544529264,NILM,Sin lesion,9986.0,0,594,479,data\processed\riva_crops\LSIL_28_11_cluster_9986.png,True,LSIL_28,train
RIVA,LSIL_28_13.png,290.4870466321244,623.419689119171,ASCUS,ASCUS,2454.0,1,290,623,data\processed\riva_crops\LSIL_28_13_cluster_2454.png,True,LSIL_28,train
RIVA,LSIL_28_13.png,657.568726634211,933.1887713832608,NILM,INFL,6030.0,0,658,933,data\processed\riva_crops\LSIL_28_13_cluster_6030.png,True,LSIL_28,train
RIVA,LSIL_28_13.png,171.81208053691276,563.5436241610738,NILM,INFL,15469.0,0,172,564,data\processed\riva_crops\LSIL_28_13_cluster_15469.png,True,LSIL_28,train
RIVA,LSIL_28_13.png,423.36486017462414,607.6475802717264,NILM,INFL,15479.0,0,423,608,data\processed\riva_crops\LSIL_28_13_cluster_15479.png,True,LSIL_28,train
RIVA,LSIL_28_13.png,585.8054434293995,590.5485715080658,NILM,INFL,15481.0,0,586,591,data\processed\riva_crops\LSIL_28_13_cluster_15481.png,True,LSIL_28,train
RIVA,LSIL_28_13.png,584.7367553816705,811.7669973879243,NILM,Sin lesion,15487.0,0,585,812,data\processed\riva_crops\LSIL_28_13_cluster_15487.png,True,LSIL_28,train
RIVA,LSIL_28_16.png,671.1709844559585,311.7098445595855,NILM,Sin lesion,2081.0,0,671,312,data\processed\riva_crops\LSIL_28_16_cluster_2081.png,True,LSIL_28,train
RIVA,LSIL_28_17.png,534.5492227979274,777.2849740932643,NILM,INFL,2064.0,0,535,777,data\processed\riva_crops\LSIL_28_17_cluster_2064.png,True,LSIL_28,train
RIVA,LSIL_28_17.png,84.7606263982103,1001.0917225950784,NILM,INFL,14843.0,0,85,1001,data\processed\riva_crops\LSIL_28_17_cluster_14843.png,True,LSIL_28,train
RIVA,LSIL_28_18.png,399.7131034482759,850.2731034482758,NILM,Sin lesion,5743.0,0,400,850,data\processed\riva_crops\LSIL_28_18_cluster_5743.png,True,LSIL_28,train
RIVA,LSIL_28_18.png,455.9796437659034,409.0788804071247,NILM,Sin lesion,9442.0,0,456,409,data\processed\riva_crops\LSIL_28_18_cluster_9442.png,True,LSIL_28,train
RIVA,LSIL_28_18.png,556.6711409395973,494.81879194630886,NILM,Sin lesion,14818.0,0,557,495,data\processed\riva_crops\LSIL_28_18_cluster_14818.png,True,LSIL_28,train
RIVA,LSIL_28_19.png,305.0813793103448,322.0303448275862,NILM,INFL,5719.0,0,305,322,data\processed\riva_crops\LSIL_28_19_cluster_5719.png,True,LSIL_28,train
RIVA,LSIL_28_19.png,560.2035623409669,510.6972010178118,ASCH,ASCH,9410.0,1,560,511,data\processed\riva_crops\LSIL_28_19_cluster_9410.png,True,LSIL_28,train
RIVA,LSIL_28_2.png,689.740932642487,890.0310880829015,NILM,INFL,2664.0,0,690,890,data\processed\riva_crops\LSIL_28_2_cluster_2664.png,True,LSIL_28,train
RIVA,LSIL_28_2.png,127.33678756476682,699.0259067357514,NILM,INFL,2665.0,0,127,699,data\processed\riva_crops\LSIL_28_2_cluster_2665.png,True,LSIL_28,train
RIVA,LSIL_28_2.png,104.5186206896552,703.3820689655173,NILM,Sin lesion,6160.0,0,105,703,data\processed\riva_crops\LSIL_28_2_cluster_6160.png,True,LSIL_28,train
RIVA,LSIL_28_2.png,1014.1881633587602,738.0928179030705,LSIL,LSIL,15761.0,1,1014,738,data\processed\riva_crops\LSIL_28_2_cluster_15761.png,True,LSIL_28,train
RIVA,LSIL_28_20.png,837.8076132094105,221.898111478214,LSIL,LSIL,14782.0,1,838,222,data\processed\riva_crops\LSIL_28_20_cluster_14782.png,True,LSIL_28,train
RIVA,LSIL_28_20.png,398.6040268456376,799.4988814317674,NILM,Sin lesion,14789.0,0,399,799,data\processed\riva_crops\LSIL_28_20_cluster_14789.png,True,LSIL_28,train
RIVA,LSIL_28_21.png,867.6641221374045,489.8524173027991,LSIL,LSIL,9374.0,1,868,490,data\processed\riva_crops\LSIL_28_21_cluster_9374.png,True,LSIL_28,train
RIVA,LSIL_28_22.png,408.538860103627,696.3730569948186,NILM,INFL,1997.0,0,409,696,data\processed\riva_crops\LSIL_28_22_cluster_1997.png,True,LSIL_28,train
RIVA,LSIL_28_22.png,38.94407158836689,284.0626398210291,NILM,INFL,14732.0,0,39,284,data\processed\riva_crops\LSIL_28_22_cluster_14732.png,True,LSIL_28,train
RIVA,LSIL_28_22.png,54.97986577181209,774.2997762863534,NILM,INFL,14743.0,0,55,774,data\processed\riva_crops\LSIL_28_22_cluster_14743.png,True,LSIL_28,train
RIVA,LSIL_28_23.png,974.4936386768449,588.8651399491094,NILM,Sin lesion,9349.0,0,974,589,data\processed\riva_crops\LSIL_28_23_cluster_9349.png,True,LSIL_28,train
RIVA,LSIL_28_23.png,187.847874720358,973.6017897091724,NILM,INFL,14673.0,0,188,974,data\processed\riva_crops\LSIL_28_23_cluster_14673.png,True,LSIL_28,train
RIVA,LSIL_28_23.png,156.32148716852248,920.6961268793024,NILM,INFL,14692.0,0,156,921,data\processed\riva_crops\LSIL_28_23_cluster_14692.png,True,LSIL_28,train
RIVA,LSIL_28_24.png,166.4235836086605,881.7576208472989,NILM,INFL,14634.0,0,166,882,data\processed\riva_crops\LSIL_28_24_cluster_14634.png,True,LSIL_28,train
RIVA,LSIL_28_25.png,315.2773536895673,130.27989821882952,NILM,Sin lesion,9311.0,0,315,130,data\processed\riva_crops\LSIL_28_25_cluster_9311.png,True,LSIL_28,train
RIVA,LSIL_28_3.png,66.43400447427292,790.3355704697988,NILM,Sin lesion,15755.0,0,66,790,data\processed\riva_crops\LSIL_28_3_cluster_15755.png,True,LSIL_28,train
RIVA,LSIL_28_5.png,20.61744966442953,343.6241610738255,NILM,INFL,15697.0,0,21,344,data\processed\riva_crops\LSIL_28_5_cluster_15697.png,True,LSIL_28,train
RIVA,LSIL_28_6.png,855.5440414507772,346.1968911917098,NILM,INFL,2579.0,0,856,346,data\processed\riva_crops\LSIL_28_6_cluster_2579.png,True,LSIL_28,train
RIVA,LSIL_28_6.png,175.0880829015544,567.7098445595855,NILM,INFL,2584.0,0,175,568,data\processed\riva_crops\LSIL_28_6_cluster_2584.png,True,LSIL_28,train
RIVA,LSIL_28_6.png,336.751677852349,703.2841163310964,NILM,INFL,15669.0,0,337,703,data\processed\riva_crops\LSIL_28_6_cluster_15669.png,True,LSIL_28,train
RIVA,LSIL_28_7.png,744.3420689655172,790.951724137931,NILM,INFL,6093.0,0,744,791,data\processed\riva_crops\LSIL_28_7_cluster_6093.png,True,LSIL_28,train
RIVA,LSIL_28_8.png,988.5845351112738,32.71574720512129,LSIL,LSIL,15607.0,1,989,33,data\processed\riva_crops\LSIL_28_8_cluster_15607.png,True,LSIL_28,train
RIVA,LSIL_28_9.png,41.23489932885906,700.993288590604,NILM,INFL,15550.0,0,41,701,data\processed\riva_crops\LSIL_28_9_cluster_15550.png,True,LSIL_28,train
RIVA,LSIL_28_9.png,916.331096196868,80.17897091722595,NILM,Sin lesion,15558.0,0,916,80,data\processed\riva_crops\LSIL_28_9_cluster_15558.png,True,LSIL_28,train
RIVA,LSIL_28_9.png,61.85234899328861,148.90380313199103,NILM,Sin lesion,15565.0,0,62,149,data\processed\riva_crops\LSIL_28_9_cluster_15565.png,True,LSIL_28,train
RIVA,LSIL_28_9.png,421.5123042505592,87.05145413870247,NILM,INFL,15575.0,0,422,87,data\processed\riva_crops\LSIL_28_9_cluster_15575.png,True,LSIL_28,train
RIVA,LSIL_41_1.png,85.98473282442748,784.2849872773537,NILM,Sin lesion,7781.0,0,86,784,data\processed\riva_crops\LSIL_41_1_cluster_7781.png,True,LSIL_41,train
RIVA,LSIL_41_1.png,119.85750636132316,521.1195928753181,NILM,INFL,7791.0,0,120,521,data\processed\riva_crops\LSIL_41_1_cluster_7791.png,True,LSIL_41,train
RIVA,LSIL_41_2.png,696.3730569948186,139.27461139896374,NILM,INFL,702.0,0,696,139,data\processed\riva_crops\LSIL_41_2_cluster_702.png,True,LSIL_41,train
RIVA,LSIL_41_5.png,71.62694300518135,119.37823834196892,NILM,Sin lesion,386.0,0,72,119,data\processed\riva_crops\LSIL_41_5_cluster_386.png,True,LSIL_41,train
RIVA,LSIL_41_7.png,36.65324384787472,902.586129753915,NILM,Sin lesion,12835.0,0,37,903,data\processed\riva_crops\LSIL_41_7_cluster_12835.png,True,LSIL_41,train
RIVA,LSIL_41_8.png,362.11398963730574,547.8134715025907,NILM,INFL,689.0,0,362,548,data\processed\riva_crops\LSIL_41_8_cluster_689.png,True,LSIL_41,train
RIVA,LSIL_41_8.png,52.68903803131991,920.9127516778524,NILM,INFL,13162.0,0,53,921,data\processed\riva_crops\LSIL_41_8_cluster_13162.png,True,LSIL_41,train
RIVA,LSIL_41_8.png,281.7718120805369,453.5838926174497,NILM,Sin lesion,13165.0,0,282,454,data\processed\riva_crops\LSIL_41_8_cluster_13165.png,True,LSIL_41,train
RIVA,LSIL_43_1.png,781.6793893129772,257.9541984732825,NILM,Sin lesion,8410.0,0,782,258,data\processed\riva_crops\LSIL_43_1_cluster_8410.png,True,LSIL_43,train
RIVA,LSIL_43_1.png,620.8143176733781,680.3758389261745,LSIL,LSIL,13504.0,1,621,680,data\processed\riva_crops\LSIL_43_1_cluster_13504.png,True,LSIL_43,train
RIVA,LSIL_43_4.png,110.09326424870466,905.9481865284974,NILM,INFL,940.0,0,110,906,data\processed\riva_crops\LSIL_43_4_cluster_940.png,True,LSIL_43,train
RIVA,LSIL_43_4.png,844.2137404580153,88.59033078880405,NILM,INFL,8374.0,0,844,89,data\processed\riva_crops\LSIL_43_4_cluster_8374.png,True,LSIL_43,train
RIVA,LSIL_43_6.png,859.5233160621761,615.4611398963731,NILM,INFL,906.0,0,860,615,data\processed\riva_crops\LSIL_43_6_cluster_906.png,True,LSIL_43,train
RIVA,LSIL_43_6.png,843.6062176165805,301.0984455958549,NILM,INFL,910.0,0,844,301,data\processed\riva_crops\LSIL_43_6_cluster_910.png,True,LSIL_43,train
RIVA,LSIL_43_6.png,221.4758269720102,252.7430025445292,NILM,INFL,8356.0,0,221,253,data\processed\riva_crops\LSIL_43_6_cluster_8356.png,True,LSIL_43,train
RIVA,LSIL_43_6.png,964.0712468193384,622.7379134860051,NILM,Sin lesion,8358.0,0,964,623,data\processed\riva_crops\LSIL_43_6_cluster_8358.png,True,LSIL_43,train
RIVA,LSIL_43_8.png,275.89637305699483,599.5440414507772,NILM,Sin lesion,890.0,0,276,600,data\processed\riva_crops\LSIL_43_8_cluster_890.png,True,LSIL_43,train
RIVA,LSIL_43_9.png,700.9058524173029,179.78625954198472,NILM,Sin lesion,8336.0,0,701,180,data\processed\riva_crops\LSIL_43_9_cluster_8336.png,True,LSIL_43,train
RIVA,LSIL_7_12.png,614.9211195928754,265.7709923664122,NILM,INFL,8579.0,0,615,266,data\processed\riva_crops\LSIL_7_12_cluster_8579.png,True,LSIL_7,train
RIVA,LSIL_7_13.png,818.1577608142494,878.086513994911,HSIL,HSIL,9035.0,1,818,878,data\processed\riva_crops\LSIL_7_13_cluster_9035.png,True,LSIL_7,train
RIVA,LSIL_7_15.png,630.5547073791348,26.0559796437659,NILM,INFL,9053.0,0,631,26,data\processed\riva_crops\LSIL_7_15_cluster_9053.png,True,LSIL_7,train
RIVA,LSIL_7_16.png,362.17811704834605,91.19592875318068,CA,CA,8587.0,1,362,91,data\processed\riva_crops\LSIL_7_16_cluster_8587.png,True,LSIL_7,train
RIVA,LSIL_7_16.png,302.24936386768445,458.5852417302799,CA,CA,8588.0,1,302,459,data\processed\riva_crops\LSIL_7_16_cluster_8588.png,True,LSIL_7,train
RIVA,LSIL_7_5.png,510.6972010178118,776.4681933842239,ASCUS,ASCUS,8571.0,1,511,776,data\processed\riva_crops\LSIL_7_5_cluster_8571.png,True,LSIL_7,train
RIVA,LSIL_7_5.png,822.4071588366891,478.78299776286354,NILM,Sin lesion,13673.0,0,822,479,data\processed\riva_crops\LSIL_7_5_cluster_13673.png,True,LSIL_7,train
RIVA,LSIL_7_7.png,208.46532438478744,407.7673378076062,NILM,INFL,13663.0,0,208,408,data\processed\riva_crops\LSIL_7_7_cluster_13663.png,True,LSIL_7,train
RIVA,LSIL_9_11.png,929.3682758620688,346.04137931034484,NILM,ENDO,5466.0,0,929,346,data\processed\riva_crops\LSIL_9_11_cluster_5466.png,True,LSIL_9,train
RIVA,LSIL_9_11.png,687.248322147651,650.5950782997763,NILM,INFL,14117.0,0,687,651,data\processed\riva_crops\LSIL_9_11_cluster_14117.png,True,LSIL_9,train
RIVA,LSIL_9_11.png,884.2595078299777,293.22595078299776,NILM,Sin lesion,14127.0,0,884,293,data\processed\riva_crops\LSIL_9_11_cluster_14127.png,True,LSIL_9,train
RIVA,LSIL_9_11.png,597.9060402684564,641.4317673378076,NILM,ENDO,14130.0,0,598,641,data\processed\riva_crops\LSIL_9_11_cluster_14130.png,True,LSIL_9,train
RIVA,LSIL_9_12.png,860.16,532.48,NILM,Sin lesion,5177.0,0,860,532,data\processed\riva_crops\LSIL_9_12_cluster_5177.png,True,LSIL_9,train
RIVA,LSIL_9_15.png,861.5724137931035,612.9875862068966,NILM,INFL,5230.0,0,862,613,data\processed\riva_crops\LSIL_9_15_cluster_5230.png,True,LSIL_9,train
RIVA,LSIL_9_16.png,761.3678756476684,840.9533678756477,NILM,ENDO,1583.0,0,761,841,data\processed\riva_crops\LSIL_9_16_cluster_1583.png,True,LSIL_9,train
RIVA,LSIL_9_16.png,636.6839378238342,622.0932642487047,NILM,Sin lesion,1597.0,0,637,622,data\processed\riva_crops\LSIL_9_16_cluster_1597.png,True,LSIL_9,train
RIVA,LSIL_9_16.png,91.80689655172414,673.7213793103448,NILM,Sin lesion,5488.0,0,92,674,data\processed\riva_crops\LSIL_9_16_cluster_5488.png,True,LSIL_9,train
RIVA,LSIL_9_16.png,414.2900763358779,427.3180661577608,NILM,Sin lesion,9001.0,0,414,427,data\processed\riva_crops\LSIL_9_16_cluster_9001.png,True,LSIL_9,train
RIVA,LSIL_9_17.png,1001.0917225950784,132.86800894854585,NILM,Sin lesion,13778.0,0,1001,133,data\processed\riva_crops\LSIL_9_17_cluster_13778.png,True,LSIL_9,train
RIVA,LSIL_9_6.png,224.1658031088083,449.65803108808296,NILM,ENDO,1466.0,0,224,450,data\processed\riva_crops\LSIL_9_6_cluster_1466.png,True,LSIL_9,train
RIVA,LSIL_9_6.png,110.09326424870466,681.7823834196892,NILM,ENDO,1478.0,0,110,682,data\processed\riva_crops\LSIL_9_6_cluster_1478.png,True,LSIL_9,train
RIVA,LSIL_9_6.png,175.0880829015544,984.2072538860102,NILM,ENDO,1496.0,0,175,984,data\processed\riva_crops\LSIL_9_6_cluster_1496.png,True,LSIL_9,train
RIVA,LSIL_9_6.png,986.8601036269428,685.7616580310881,NILM,Sin lesion,1509.0,0,987,686,data\processed\riva_crops\LSIL_9_6_cluster_1509.png,True,LSIL_9,train
RIVA,LSIL_9_6.png,190.0962885220346,546.4054480528163,NILM,ENDO,5405.0,0,190,546,data\processed\riva_crops\LSIL_9_6_cluster_5405.png,True,LSIL_9,train
RIVA,LSIL_9_6.png,210.39302766110603,784.3994696753523,NILM,ENDO,5420.0,0,210,784,data\processed\riva_crops\LSIL_9_6_cluster_5420.png,True,LSIL_9,train
RIVA,LSIL_9_6.png,419.5012722646311,140.70229007633588,NILM,ENDO,8927.0,0,420,141,data\processed\riva_crops\LSIL_9_6_cluster_8927.png,True,LSIL_9,train
RIVA,LSIL_9_6.png,396.31319910514543,900.2953020134228,NILM,ENDO,14047.0,0,396,900,data\processed\riva_crops\LSIL_9_6_cluster_14047.png,True,LSIL_9,train
RIVA,LSIL_9_6.png,171.81208053691276,522.3087248322148,NILM,ENDO,14074.0,0,172,522,data\processed\riva_crops\LSIL_9_6_cluster_14074.png,True,LSIL_9,train
RIVA,LSIL_9_7.png,127.67430025445294,482.0356234096692,NILM,ENDO,8621.0,0,128,482,data\processed\riva_crops\LSIL_9_7_cluster_8621.png,True,LSIL_9,train
RIVA,LSIL_9_7.png,568.1252796420582,247.40939597315443,NILM,ENDO,13725.0,0,568,247,data\processed\riva_crops\LSIL_9_7_cluster_13725.png,True,LSIL_9,train
RIVA,LSIL_9_9.png,52.1119592875318,474.2188295165394,NILM,Sin lesion,8951.0,0,52,474,data\processed\riva_crops\LSIL_9_9_cluster_8951.png,True,LSIL_9,train
RIVA,SCC_5_1.png,159.17098445595855,687.0880829015545,HSIL,HSIL,573.0,1,159,687,data\processed\riva_crops\SCC_5_1_cluster_573.png,True,SCC_5,train
RIVA,SCC_5_1.png,175.0880829015544,927.1709844559584,HSIL,HSIL,586.0,1,175,927,data\processed\riva_crops\SCC_5_1_cluster_586.png,True,SCC_5,train
RIVA,SCC_5_2.png,768.6513994910943,523.7251908396946,CA,CA,7932.0,1,769,524,data\processed\riva_crops\SCC_5_2_cluster_7932.png,True,SCC_5,train
RIVA,SCC_5_2.png,730.028580101682,454.6058029141845,HSIL,HSIL,12999.0,1,730,455,data\processed\riva_crops\SCC_5_2_cluster_12999.png,True,SCC_5,train
RIVA,SCC_5_22.png,544.5699745547074,977.0992366412214,HSIL,HSIL,7916.0,1,545,977,data\processed\riva_crops\SCC_5_22_cluster_7916.png,True,SCC_5,train
RIVA,SCC_5_3.png,690.4834605597964,805.1297709923664,HSIL,HSIL,8116.0,1,690,805,data\processed\riva_crops\SCC_5_3_cluster_8116.png,True,SCC_5,train
RIVA,SCC_5_3.png,731.1258288448845,689.7304089911521,LSIL,LSIL,13220.0,1,731,690,data\processed\riva_crops\SCC_5_3_cluster_13220.png,True,SCC_5,train
RIVA,SCC_5_4.png,490.7772020725389,43.7720207253886,ASCH,ASCH,762.0,1,491,44,data\processed\riva_crops\SCC_5_4_cluster_762.png,True,SCC_5,train
RIVA,SCC_5_4.png,435.0673575129534,120.70466321243524,HSIL,HSIL,768.0,1,435,121,data\processed\riva_crops\SCC_5_4_cluster_768.png,True,SCC_5,train
